Newpool_6,Newpool_7,Newpool_8,Newpool_9,Newpool_10_2,Newpool_11_1,Newpool_12,Newpool_13,Newpool_14_1,Newpool_15,Newpool_16_1
473.00,256.00,295.00,193.00,458.00,175.00,188.00,155.00,128.00,248.00,179.00
594.00,649.00,299.00,200.00,488.00,142.00,190.00,214.00,133.00,255.00,188.00
589.00,292.00,302.00,199.00,550.00,177.00,173.00,194.00,133.00,250.00,196.00
551.00,315.00,278.00,202.00,456.00,213.00,218.00,145.00,160.00,263.00,187.00
515.00,312.00,292.00,209.00,499.00,207.00,253.00,147.00,163.00,253.00,208.00
513.00,315.00,297.00,217.00,490.00,220.00,278.00,233.00,161.00,262.00,248.00
521.00,317.00,301.00,219.00,501.00,201.00,222.00,239.00,163.00,258.00,232.00
499.00,315.00,318.00,224.00,441.00,203.00,192.00,269.00,164.00,278.00,232.00
591.00,318.00,292.00,230.00,551.00,196.00,176.00,254.00,139.00,259.00,225.00
685.00,313.00,293.00,227.00,435.00,209.00,277.00,228.00,116.00,253.00,223.00
486.00,308.00,289.00,228.00,660.00,235.00,296.00,262.00,122.00,248.00,241.00
543.00,312.00,301.00,235.00,520.00,255.00,290.00,262.00,127.00,243.00,233.00
587.00,380.00,309.00,208.00,510.00,239.00,229.00,251.00,186.00,265.00,221.00
691.00,348.00,299.00,205.00,566.00,224.00,215.00,274.00,138.00,276.00,265.00
710.00,386.00,315.00,197.00,563.00,224.00,208.00,290.00,141.00,284.00,275.00
483.00,367.00,364.00,202.00,559.00,233.00,221.00,256.00,145.00,272.00,249.00
534.00,384.00,336.00,196.00,490.00,239.00,244.00,266.00,135.00,276.00,267.00
384.00,379.00,333.00,185.00,532.00,254.00,252.00,244.00,136.00,272.00,279.00
579.00,351.00,388.00,172.00,514.00,217.00,188.00,231.00,144.00,271.00,302.00
746.00,347.00,326.00,173.00,461.00,225.00,191.00,236.00,147.00,282.00,294.00
717.00,368.00,326.00,168.00,511.00,224.00,186.00,227.00,111.00,271.00,305.00
454.00,378.00,324.00,192.00,461.00,239.00,237.00,237.00,180.00,261.00,338.00
701.00,379.00,347.00,192.00,442.00,240.00,233.00,221.00,144.00,264.00,294.00
705.00,388.00,314.00,200.00,455.00,234.00,244.00,238.00,139.00,266.00,316.00
445.00,405.00,348.00,237.00,492.00,245.00,241.00,249.00,134.00,288.00,341.00
491.00,417.00,335.00,253.00,500.00,270.00,219.00,248.00,154.00,274.00,344.00
494.00,423.00,312.00,257.00,478.00,285.00,186.00,243.00,135.00,274.00,347.00
518.00,463.00,336.00,264.00,519.00,242.00,216.00,245.00,158.00,254.00,321.00
503.00,609.00,337.00,280.00,477.00,242.00,202.00,258.00,146.00,240.00,333.00
531.00,472.00,337.00,266.00,565.00,251.00,213.00,229.00,141.00,251.00,408.00
158.00,453.00,350.00,281.00,562.00,251.00,245.00,248.00,194.00,259.00,394.00
463.00,464.00,374.00,276.00,673.00,244.00,237.00,252.00,153.00,264.00,361.00
518.00,444.00,354.00,308.00,612.00,265.00,231.00,277.00,143.00,248.00,367.00
572.00,482.00,402.00,312.00,565.00,263.00,200.00,257.00,143.00,223.00,324.00
552.00,496.00,406.00,339.00,570.00,243.00,251.00,257.00,147.00,245.00,425.00
604.00,467.00,394.00,330.00,545.00,278.00,241.00,267.00,129.00,245.00,417.00
554.00,492.00,337.00,307.00,482.00,293.00,216.00,291.00,163.00,264.00,396.00
552.00,498.00,349.00,329.00,528.00,267.00,260.00,279.00,153.00,237.00,412.00
536.00,516.00,358.00,308.00,591.00,305.00,265.00,274.00,160.00,236.00,417.00
549.00,491.00,375.00,304.00,504.00,299.00,232.00,278.00,143.00,205.00,342.00
515.00,532.00,381.00,310.00,563.00,250.00,182.00,232.00,137.00,199.00,417.00
480.00,491.00,384.00,305.00,499.00,316.00,196.00,299.00,134.00,252.00,418.00
489.00,509.00,365.00,324.00,480.00,327.00,227.00,262.00,149.00,215.00,398.00
376.00,495.00,387.00,326.00,437.00,317.00,221.00,269.00,133.00,193.00,505.00
392.00,510.00,407.00,318.00,484.00,341.00,220.00,203.00,144.00,182.00,388.00
417.00,519.00,390.00,333.00,483.00,287.00,256.00,242.00,135.00,178.00,357.00
434.00,541.00,430.00,364.00,433.00,258.00,233.00,240.00,108.00,159.00,349.00
358.00,501.00,450.00,347.00,379.00,291.00,244.00,277.00,120.00,158.00,446.00
491.00,291.00,287.00,188.00,419.00,171.00,183.00,231.00,126.00,259.00,176.00
582.00,305.00,292.00,184.00,759.00,165.00,194.00,133.00,147.00,274.00,189.00
680.00,300.00,280.00,197.00,1030.00,178.00,192.00,149.00,140.00,265.00,191.00
416.00,301.00,282.00,199.00,422.00,177.00,194.00,147.00,164.00,265.00,204.00
516.00,295.00,291.00,209.00,593.00,188.00,220.00,249.00,163.00,265.00,221.00
501.00,308.00,294.00,217.00,520.00,190.00,209.00,246.00,173.00,296.00,233.00
490.00,365.00,398.00,286.00,616.00,250.00,279.00,257.00,161.00,484.00,398.00
516.00,327.00,299.00,226.00,907.00,193.00,212.00,246.00,149.00,260.00,224.00
656.00,326.00,293.00,221.00,894.00,210.00,218.00,234.00,142.00,258.00,229.00
618.00,308.00,295.00,223.00,528.00,225.00,246.00,268.00,153.00,284.00,242.00
626.00,307.00,303.00,219.00,539.00,240.00,231.00,279.00,158.00,286.00,236.00
642.00,313.00,292.00,237.00,640.00,224.00,234.00,269.00,153.00,245.00,224.00
484.00,349.00,293.00,213.00,530.00,231.00,209.00,253.00,155.00,274.00,234.00
644.00,356.00,275.00,206.00,830.00,234.00,207.00,251.00,135.00,271.00,245.00
673.00,354.00,308.00,228.00,727.00,230.00,197.00,258.00,145.00,289.00,247.00
632.00,325.00,371.00,214.00,489.00,247.00,245.00,277.00,152.00,279.00,243.00
507.00,343.00,354.00,196.00,460.00,257.00,241.00,283.00,134.00,279.00,297.00
478.00,349.00,339.00,188.00,480.00,249.00,247.00,261.00,142.00,270.00,282.00
648.00,357.00,361.00,165.00,456.00,190.00,191.00,242.00,163.00,273.00,305.00
647.00,347.00,297.00,163.00,597.00,204.00,210.00,223.00,164.00,260.00,288.00
716.00,360.00,326.00,172.00,582.00,201.00,260.00,235.00,153.00,252.00,287.00
571.00,370.00,332.00,196.00,469.00,214.00,229.00,231.00,205.00,265.00,319.00
673.00,368.00,347.00,180.00,488.00,201.00,223.00,222.00,182.00,273.00,314.00
803.00,385.00,355.00,208.00,506.00,230.00,229.00,225.00,187.00,268.00,311.00
594.00,411.00,327.00,219.00,535.00,230.00,260.00,229.00,135.00,265.00,332.00
512.00,410.00,428.00,251.00,639.00,243.00,279.00,225.00,152.00,266.00,330.00
518.00,416.00,339.00,256.00,612.00,302.00,309.00,230.00,142.00,270.00,355.00
459.00,437.00,346.00,290.00,484.00,270.00,251.00,226.00,167.00,259.00,354.00
454.00,456.00,330.00,274.00,528.00,277.00,270.00,228.00,146.00,259.00,342.00
431.00,441.00,338.00,270.00,501.00,280.00,275.00,216.00,177.00,248.00,367.00
459.00,427.00,420.00,326.00,745.00,263.00,229.00,230.00,191.00,247.00,365.00
486.00,427.00,439.00,272.00,639.00,277.00,228.00,222.00,150.00,231.00,410.00
517.00,446.00,438.00,305.00,765.00,280.00,230.00,254.00,149.00,229.00,389.00
570.00,515.00,364.00,300.00,493.00,279.00,250.00,234.00,149.00,225.00,313.00
563.00,518.00,362.00,308.00,550.00,277.00,228.00,244.00,150.00,218.00,333.00
550.00,517.00,372.00,310.00,518.00,274.00,228.00,276.00,136.00,228.00,404.00
527.00,447.00,378.00,299.00,753.00,286.00,251.00,337.00,172.00,255.00,400.00
530.00,459.00,348.00,349.00,742.00,319.00,219.00,285.00,152.00,252.00,411.00
563.00,454.00,364.00,357.00,744.00,315.00,212.00,277.00,155.00,239.00,413.00
526.00,471.00,399.00,319.00,512.00,296.00,226.00,266.00,141.00,225.00,384.00
517.00,499.00,386.00,335.00,505.00,296.00,231.00,263.00,131.00,215.00,347.00
516.00,514.00,378.00,331.00,507.00,302.00,229.00,241.00,145.00,203.00,369.00
405.00,461.00,391.00,336.00,646.00,323.00,239.00,253.00,178.00,207.00,395.00
448.00,502.00,381.00,324.00,565.00,331.00,249.00,275.00,166.00,206.00,395.00
410.00,523.00,422.00,346.00,587.00,332.00,258.00,259.00,173.00,189.00,381.00
554.00,523.00,380.00,339.00,424.00,262.00,222.00,239.00,120.00,185.00,399.00
442.00,508.00,368.00,348.00,289.00,267.00,222.00,234.00,108.00,177.00,382.00
387.00,518.00,410.00,321.00,416.00,277.00,184.00,283.00,107.00,179.00,357.00
472.00,298.00,301.00,192.00,570.00,176.00,199.00,146.00,116.00,278.00,187.00
533.00,309.00,281.00,192.00,731.00,160.00,160.00,214.00,119.00,259.00,189.00
480.00,317.00,282.00,202.00,386.00,170.00,167.00,179.00,115.00,258.00,194.00
710.00,319.00,312.00,211.00,519.00,221.00,249.00,223.00,165.00,259.00,186.00
663.00,426.00,615.00,409.00,649.00,404.00,429.00,161.00,266.00,1033.00,713.00
573.00,302.00,304.00,222.00,513.00,229.00,258.00,236.00,169.00,266.00,214.00
512.00,319.00,299.00,225.00,806.00,212.00,234.00,185.00,131.00,259.00,206.00
536.00,315.00,283.00,212.00,877.00,206.00,203.00,220.00,138.00,259.00,207.00
633.00,307.00,280.00,229.00,461.00,207.00,201.00,180.00,119.00,257.00,226.00
583.00,300.00,291.00,214.00,342.00,186.00,174.00,244.00,104.00,241.00,230.00
617.00,293.00,325.00,241.00,486.00,217.00,271.00,256.00,127.00,249.00,221.00
516.00,310.00,316.00,246.00,482.00,219.00,276.00,268.00,146.00,260.00,229.00
544.00,356.00,297.00,205.00,652.00,229.00,207.00,257.00,174.00,252.00,232.00
608.00,343.00,317.00,239.00,664.00,229.00,198.00,330.00,148.00,255.00,244.00
565.00,325.00,282.00,214.00,444.00,211.00,181.00,277.00,131.00,275.00,299.00
693.00,325.00,379.00,227.00,484.00,242.00,253.00,267.00,160.00,278.00,255.00
548.00,329.00,371.00,202.00,475.00,221.00,234.00,269.00,172.00,257.00,251.00
484.00,335.00,349.00,190.00,463.00,230.00,217.00,245.00,159.00,282.00,272.00
653.00,346.00,357.00,179.00,516.00,247.00,232.00,262.00,149.00,281.00,290.00
494.00,335.00,357.00,171.00,526.00,220.00,219.00,249.00,154.00,276.00,304.00
569.00,343.00,349.00,160.00,420.00,228.00,198.00,263.00,136.00,251.00,298.00
585.00,368.00,303.00,160.00,468.00,232.00,237.00,264.00,194.00,265.00,306.00
422.00,362.00,304.00,186.00,441.00,219.00,228.00,255.00,169.00,254.00,336.00
214.00,372.00,293.00,213.00,468.00,222.00,191.00,227.00,155.00,246.00,304.00
680.00,390.00,337.00,221.00,563.00,243.00,202.00,228.00,199.00,261.00,336.00
674.00,402.00,334.00,291.00,562.00,222.00,212.00,261.00,165.00,256.00,336.00
623.00,392.00,336.00,265.00,400.00,220.00,206.00,240.00,134.00,254.00,354.00
594.00,429.00,362.00,242.00,478.00,260.00,237.00,239.00,146.00,254.00,324.00
491.00,425.00,348.00,245.00,505.00,248.00,227.00,232.00,137.00,244.00,332.00
467.00,429.00,360.00,254.00,474.00,250.00,206.00,228.00,126.00,224.00,359.00
485.00,430.00,361.00,292.00,631.00,296.00,256.00,237.00,212.00,241.00,349.00
452.00,490.00,367.00,287.00,632.00,281.00,247.00,226.00,175.00,240.00,350.00
419.00,487.00,370.00,275.00,502.00,281.00,235.00,242.00,170.00,234.00,343.00
480.00,480.00,417.00,319.00,534.00,288.00,249.00,240.00,150.00,231.00,309.00
440.00,488.00,414.00,333.00,511.00,296.00,230.00,232.00,149.00,229.00,306.00
522.00,479.00,431.00,345.00,535.00,292.00,236.00,324.00,148.00,240.00,445.00
526.00,496.00,399.00,318.00,672.00,293.00,269.00,273.00,173.00,237.00,400.00
499.00,468.00,389.00,311.00,630.00,327.00,248.00,264.00,137.00,222.00,392.00
532.00,473.00,349.00,321.00,445.00,322.00,203.00,260.00,119.00,223.00,392.00
467.00,456.00,438.00,348.00,501.00,315.00,252.00,265.00,159.00,218.00,341.00
485.00,478.00,408.00,340.00,490.00,309.00,254.00,276.00,156.00,208.00,388.00
454.00,491.00,395.00,359.00,475.00,301.00,262.00,254.00,138.00,208.00,379.00
496.00,520.00,335.00,327.00,562.00,290.00,233.00,236.00,160.00,209.00,396.00
520.00,512.00,359.00,315.00,447.00,289.00,223.00,234.00,136.00,191.00,390.00
451.00,514.00,391.00,342.00,421.00,280.00,206.00,259.00,124.00,201.00,405.00
388.00,518.00,376.00,391.00,444.00,296.00,263.00,228.00,112.00,182.00,369.00
361.00,474.00,358.00,332.00,426.00,303.00,250.00,228.00,114.00,174.00,395.00
450.00,508.00,377.00,323.00,401.00,282.00,224.00,128.00,108.00,158.00,438.00
471.00,288.00,287.00,186.00,371.00,155.00,183.00,183.00,132.00,261.00,155.00
477.00,288.00,329.00,200.00,461.00,157.00,175.00,215.00,154.00,250.00,167.00
510.00,287.00,320.00,193.00,430.00,169.00,169.00,170.00,145.00,251.00,174.00
716.00,320.00,289.00,202.00,544.00,185.00,203.00,231.00,152.00,234.00,183.00
725.00,298.00,300.00,209.00,496.00,192.00,215.00,205.00,142.00,245.00,190.00
622.00,309.00,293.00,217.00,511.00,202.00,210.00,216.00,139.00,245.00,192.00
637.00,326.00,281.00,209.00,412.00,202.00,214.00,153.00,137.00,246.00,188.00
571.00,320.00,288.00,218.00,419.00,199.00,193.00,217.00,151.00,243.00,191.00
478.00,302.00,294.00,221.00,427.00,197.00,197.00,225.00,145.00,244.00,221.00
500.00,296.00,291.00,223.00,422.00,235.00,246.00,254.00,122.00,245.00,219.00
560.00,298.00,309.00,213.00,430.00,230.00,249.00,258.00,130.00,252.00,221.00
606.00,305.00,283.00,211.00,461.00,233.00,230.00,307.00,143.00,254.00,224.00
595.00,296.00,269.00,205.00,397.00,216.00,214.00,233.00,226.00,249.00,244.00
573.00,318.00,277.00,230.00,438.00,219.00,192.00,237.00,138.00,221.00,268.00
537.00,309.00,288.00,232.00,421.00,224.00,192.00,284.00,126.00,268.00,307.00
484.00,320.00,344.00,212.00,476.00,244.00,210.00,271.00,143.00,270.00,250.00
458.00,334.00,329.00,195.00,443.00,245.00,224.00,267.00,142.00,307.00,311.00
533.00,334.00,316.00,179.00,394.00,237.00,200.00,255.00,130.00,269.00,265.00
578.00,339.00,289.00,143.00,398.00,225.00,208.00,226.00,163.00,256.00,311.00
506.00,336.00,294.00,149.00,405.00,219.00,200.00,215.00,132.00,229.00,287.00
669.00,345.00,302.00,156.00,384.00,224.00,181.00,226.00,122.00,237.00,302.00
586.00,379.00,317.00,160.00,487.00,246.00,276.00,302.00,149.00,282.00,312.00
361.00,378.00,305.00,183.00,437.00,217.00,251.00,257.00,131.00,255.00,290.00
542.00,391.00,310.00,197.00,382.00,217.00,244.00,229.00,127.00,233.00,301.00
733.00,389.00,303.00,206.00,438.00,228.00,216.00,237.00,135.00,246.00,338.00
766.00,388.00,309.00,201.00,409.00,219.00,194.00,249.00,140.00,237.00,333.00
386.00,405.00,295.00,221.00,413.00,224.00,200.00,254.00,125.00,260.00,354.00
695.00,420.00,326.00,244.00,422.00,237.00,217.00,226.00,135.00,251.00,340.00
567.00,406.00,319.00,251.00,403.00,236.00,203.00,249.00,127.00,243.00,357.00
494.00,403.00,322.00,256.00,389.00,242.00,184.00,234.00,154.00,238.00,335.00
508.00,436.00,307.00,257.00,375.00,268.00,218.00,220.00,180.00,240.00,386.00
462.00,434.00,318.00,264.00,462.00,263.00,212.00,203.00,141.00,235.00,359.00
473.00,448.00,333.00,279.00,398.00,267.00,212.00,224.00,142.00,226.00,361.00
462.00,476.00,382.00,294.00,484.00,286.00,215.00,241.00,141.00,225.00,327.00
482.00,472.00,367.00,308.00,449.00,284.00,210.00,235.00,123.00,201.00,319.00
524.00,470.00,352.00,303.00,488.00,279.00,220.00,239.00,130.00,203.00,314.00
503.00,512.00,356.00,283.00,437.00,279.00,202.00,231.00,142.00,219.00,371.00
507.00,516.00,329.00,294.00,413.00,295.00,205.00,240.00,120.00,213.00,360.00
514.00,501.00,347.00,312.00,424.00,291.00,204.00,222.00,131.00,208.00,372.00
552.00,473.00,379.00,302.00,486.00,309.00,220.00,226.00,142.00,183.00,356.00
492.00,504.00,369.00,344.00,469.00,313.00,229.00,193.00,133.00,223.00,421.00
552.00,520.00,350.00,316.00,439.00,311.00,215.00,266.00,128.00,179.00,326.00
692.00,484.00,356.00,326.00,395.00,324.00,218.00,245.00,124.00,186.00,380.00
342.00,473.00,373.00,338.00,413.00,318.00,221.00,233.00,112.00,171.00,361.00
463.00,493.00,365.00,335.00,364.00,320.00,218.00,235.00,115.00,188.00,398.00
408.00,511.00,465.00,337.00,394.00,292.00,225.00,240.00,109.00,179.00,381.00
463.00,511.00,429.00,332.00,390.00,291.00,214.00,221.00,107.00,173.00,369.00
333.00,506.00,431.00,364.00,424.00,303.00,218.00,240.00,100.00,170.00,381.00
406.00,279.00,301.00,196.00,630.00,183.00,184.00,159.00,132.00,274.00,167.00
482.00,282.00,299.00,192.00,985.00,158.00,178.00,223.00,155.00,287.00,175.00
592.00,289.00,306.00,202.00,452.00,171.00,175.00,149.00,140.00,277.00,183.00
556.00,315.00,334.00,207.00,758.00,182.00,221.00,160.00,164.00,245.00,192.00
671.00,305.00,323.00,215.00,661.00,190.00,203.00,131.00,152.00,250.00,192.00
613.00,304.00,309.00,216.00,915.00,194.00,208.00,230.00,174.00,258.00,197.00
732.00,306.00,296.00,214.00,551.00,190.00,215.00,221.00,177.00,252.00,218.00
762.00,314.00,317.00,221.00,664.00,187.00,206.00,224.00,179.00,251.00,200.00
518.00,306.00,310.00,236.00,419.00,195.00,207.00,248.00,169.00,267.00,219.00
511.00,306.00,277.00,206.00,678.00,227.00,253.00,279.00,150.00,283.00,249.00
489.00,305.00,298.00,229.00,691.00,245.00,255.00,261.00,156.00,298.00,245.00
531.00,308.00,301.00,214.00,559.00,247.00,263.00,318.00,164.00,302.00,254.00
571.00,306.00,334.00,247.00,539.00,229.00,229.00,236.00,184.00,271.00,254.00
576.00,297.00,348.00,229.00,577.00,224.00,219.00,257.00,127.00,271.00,263.00
567.00,311.00,318.00,232.00,469.00,239.00,211.00,305.00,126.00,298.00,279.00
537.00,317.00,316.00,220.00,516.00,229.00,205.00,236.00,140.00,301.00,265.00
577.00,326.00,356.00,206.00,654.00,244.00,221.00,256.00,153.00,270.00,292.00
531.00,324.00,329.00,186.00,609.00,226.00,222.00,257.00,159.00,269.00,265.00
525.00,327.00,367.00,175.00,519.00,234.00,223.00,263.00,163.00,298.00,335.00
658.00,337.00,369.00,166.00,396.00,223.00,202.00,284.00,144.00,283.00,305.00
660.00,339.00,340.00,175.00,390.00,208.00,205.00,275.00,129.00,271.00,317.00
705.00,353.00,314.00,173.00,552.00,240.00,211.00,261.00,191.00,253.00,288.00
646.00,374.00,301.00,179.00,575.00,241.00,203.00,251.00,197.00,235.00,297.00
484.00,374.00,318.00,197.00,465.00,212.00,194.00,257.00,206.00,281.00,337.00
550.00,376.00,372.00,231.00,428.00,239.00,231.00,275.00,137.00,273.00,342.00
597.00,382.00,353.00,298.00,460.00,234.00,216.00,248.00,138.00,263.00,342.00
602.00,400.00,418.00,321.00,410.00,261.00,202.00,261.00,124.00,275.00,369.00
675.00,409.00,393.00,245.00,469.00,271.00,242.00,241.00,162.00,250.00,355.00
467.00,426.00,422.00,263.00,524.00,272.00,236.00,249.00,158.00,275.00,377.00
500.00,412.00,378.00,274.00,572.00,274.00,238.00,272.00,162.00,261.00,430.00
679.00,388.00,401.00,281.00,505.00,309.00,252.00,251.00,190.00,240.00,382.00
425.00,422.00,432.00,299.00,436.00,289.00,216.00,233.00,136.00,238.00,336.00
589.00,434.00,414.00,290.00,473.00,309.00,250.00,245.00,135.00,243.00,343.00
579.00,459.00,406.00,302.00,616.00,296.00,256.00,222.00,156.00,237.00,325.00
465.00,455.00,338.00,322.00,445.00,291.00,229.00,239.00,146.00,225.00,306.00
566.00,481.00,360.00,286.00,543.00,292.00,228.00,228.00,134.00,219.00,357.00
511.00,512.00,397.00,179.00,546.00,356.00,261.00,243.00,176.00,236.00,374.00
539.00,462.00,372.00,295.00,490.00,361.00,264.00,261.00,135.00,231.00,389.00
538.00,695.00,356.00,375.00,469.00,362.00,246.00,293.00,118.00,219.00,379.00
539.00,472.00,449.00,398.00,589.00,354.00,272.00,246.00,169.00,200.00,375.00
541.00,485.00,375.00,409.00,568.00,325.00,245.00,239.00,157.00,199.00,366.00
518.00,498.00,386.00,374.00,551.00,338.00,246.00,274.00,155.00,200.00,462.00
452.00,530.00,385.00,376.00,529.00,313.00,277.00,240.00,157.00,227.00,418.00
486.00,530.00,367.00,333.00,478.00,342.00,261.00,230.00,135.00,210.00,382.00
466.00,519.00,367.00,362.00,468.00,365.00,339.00,249.00,124.00,182.00,373.00
431.00,552.00,424.00,383.00,503.00,323.00,212.00,228.00,118.00,177.00,363.00
429.00,513.00,441.00,457.00,438.00,304.00,208.00,224.00,121.00,172.00,346.00
395.00,530.00,461.00,401.00,451.00,314.00,206.00,230.00,112.00,171.00,394.00
388.00,277.00,268.00,191.00,388.00,166.00,197.00,217.00,130.00,283.00,181.00
568.00,303.00,279.00,194.00,363.00,152.00,194.00,206.00,138.00,285.00,185.00
460.00,295.00,274.00,205.00,530.00,155.00,174.00,151.00,136.00,296.00,194.00
792.00,309.00,310.00,182.00,905.00,175.00,241.00,204.00,157.00,253.00,194.00
783.00,309.00,282.00,177.00,529.00,183.00,209.00,159.00,145.00,257.00,194.00
823.00,339.00,269.00,203.00,588.00,195.00,202.00,286.00,140.00,275.00,224.00
760.00,318.00,300.00,205.00,432.00,206.00,226.00,169.00,149.00,322.00,236.00
517.00,304.00,305.00,217.00,417.00,206.00,212.00,285.00,159.00,302.00,244.00
547.00,323.00,292.00,212.00,439.00,212.00,208.00,274.00,130.00,286.00,243.00
671.00,306.00,295.00,231.00,633.00,225.00,232.00,261.00,191.00,277.00,236.00
666.00,300.00,300.00,235.00,651.00,227.00,231.00,302.00,208.00,307.00,250.00
602.00,310.00,284.00,228.00,606.00,227.00,229.00,278.00,182.00,263.00,240.00
647.00,321.00,297.00,214.00,449.00,237.00,237.00,267.00,203.00,266.00,240.00
677.00,311.00,285.00,233.00,444.00,239.00,229.00,259.00,149.00,271.00,245.00
689.00,310.00,289.00,222.00,467.00,231.00,211.00,321.00,150.00,276.00,285.00
560.00,311.00,356.00,228.00,637.00,231.00,218.00,257.00,167.00,298.00,280.00
606.00,319.00,343.00,208.00,517.00,208.00,213.00,245.00,166.00,284.00,278.00
456.00,327.00,324.00,185.00,465.00,205.00,218.00,250.00,148.00,282.00,302.00
578.00,332.00,289.00,160.00,421.00,225.00,235.00,256.00,159.00,289.00,306.00
461.00,334.00,303.00,149.00,393.00,223.00,213.00,243.00,148.00,266.00,300.00
697.00,349.00,302.00,159.00,407.00,222.00,205.00,255.00,139.00,261.00,307.00
644.00,359.00,327.00,171.00,560.00,226.00,235.00,252.00,231.00,265.00,316.00
577.00,368.00,302.00,170.00,459.00,215.00,188.00,255.00,165.00,249.00,321.00
527.00,411.00,308.00,180.00,472.00,210.00,285.00,239.00,173.00,248.00,329.00
493.00,373.00,340.00,188.00,418.00,210.00,206.00,277.00,133.00,280.00,363.00
687.00,377.00,362.00,252.00,423.00,208.00,219.00,279.00,131.00,257.00,345.00
674.00,364.00,360.00,260.00,448.00,222.00,238.00,262.00,135.00,262.00,350.00
683.00,393.00,363.00,262.00,511.00,231.00,228.00,251.00,155.00,278.00,376.00
623.00,396.00,358.00,256.00,472.00,241.00,242.00,234.00,124.00,245.00,399.00
776.00,396.00,340.00,263.00,480.00,248.00,233.00,240.00,200.00,252.00,419.00
550.00,440.00,377.00,376.00,477.00,289.00,232.00,277.00,157.00,255.00,381.00
729.00,441.00,360.00,237.00,463.00,283.00,221.00,257.00,130.00,251.00,359.00
616.00,442.00,358.00,281.00,499.00,278.00,225.00,248.00,142.00,235.00,369.00
528.00,503.00,402.00,285.00,614.00,293.00,220.00,241.00,154.00,239.00,333.00
571.00,496.00,370.00,303.00,516.00,304.00,225.00,260.00,148.00,223.00,384.00
475.00,485.00,362.00,281.00,525.00,290.00,225.00,269.00,145.00,226.00,371.00
526.00,446.00,363.00,261.00,470.00,307.00,207.00,277.00,156.00,262.00,397.00
537.00,432.00,345.00,315.00,445.00,335.00,251.00,261.00,133.00,236.00,404.00
530.00,437.00,364.00,294.00,444.00,312.00,264.00,279.00,118.00,235.00,401.00
506.00,476.00,377.00,289.00,521.00,338.00,255.00,232.00,140.00,210.00,366.00
457.00,491.00,375.00,310.00,461.00,336.00,274.00,246.00,135.00,199.00,454.00
404.00,504.00,367.00,312.00,477.00,366.00,231.00,247.00,138.00,191.00,394.00
481.00,522.00,397.00,343.00,486.00,506.00,280.00,246.00,112.00,212.00,412.00
424.00,501.00,367.00,334.00,437.00,326.00,259.00,249.00,107.00,188.00,413.00
425.00,512.00,404.00,366.00,452.00,379.00,276.00,252.00,105.00,193.00,391.00
437.00,556.00,408.00,355.00,494.00,305.00,226.00,238.00,123.00,194.00,413.00
430.00,519.00,403.00,346.00,428.00,281.00,223.00,245.00,92.00,171.00,378.00
456.00,473.00,395.00,372.00,415.00,288.00,210.00,237.00,105.00,174.00,506.00
330.00,339.00,271.00,196.00,404.00,186.00,188.00,143.00,111.00,292.00,184.00
385.00,353.00,287.00,185.00,711.00,174.00,191.00,136.00,115.00,284.00,174.00
426.00,328.00,270.00,193.00,614.00,185.00,199.00,163.00,111.00,279.00,176.00
437.00,299.00,294.00,192.00,584.00,174.00,213.00,131.00,154.00,293.00,198.00
605.00,316.00,292.00,192.00,635.00,167.00,203.00,149.00,138.00,263.00,195.00
753.00,304.00,277.00,209.00,677.00,173.00,207.00,156.00,147.00,286.00,201.00
913.00,296.00,316.00,198.00,431.00,189.00,205.00,144.00,143.00,254.00,203.00
786.00,288.00,293.00,212.00,943.00,196.00,239.00,248.00,162.00,252.00,220.00
715.00,292.00,296.00,220.00,550.00,237.00,259.00,263.00,155.00,256.00,229.00
676.00,303.00,302.00,213.00,536.00,222.00,240.00,262.00,144.00,275.00,229.00
684.00,291.00,303.00,223.00,721.00,189.00,209.00,274.00,152.00,256.00,230.00
566.00,299.00,299.00,223.00,596.00,186.00,212.00,283.00,168.00,250.00,225.00
677.00,316.00,266.00,201.00,451.00,226.00,202.00,271.00,186.00,273.00,239.00
554.00,323.00,279.00,197.00,510.00,221.00,202.00,271.00,144.00,276.00,323.00
742.00,304.00,261.00,208.00,456.00,213.00,213.00,299.00,148.00,275.00,304.00
640.00,327.00,320.00,236.00,528.00,240.00,226.00,270.00,164.00,280.00,275.00
677.00,326.00,354.00,242.00,539.00,232.00,228.00,283.00,164.00,284.00,300.00
550.00,333.00,324.00,198.00,545.00,229.00,214.00,278.00,155.00,270.00,281.00
622.00,339.00,336.00,179.00,443.00,260.00,241.00,297.00,151.00,284.00,297.00
556.00,337.00,344.00,169.00,501.00,233.00,225.00,280.00,156.00,274.00,316.00
614.00,336.00,347.00,163.00,456.00,239.00,200.00,269.00,148.00,269.00,380.00
675.00,352.00,320.00,180.00,566.00,225.00,274.00,255.00,209.00,265.00,316.00
667.00,348.00,339.00,201.00,546.00,225.00,275.00,256.00,210.00,259.00,323.00
549.00,367.00,316.00,181.00,547.00,219.00,270.00,266.00,200.00,265.00,337.00
557.00,354.00,349.00,210.00,424.00,203.00,241.00,286.00,177.00,285.00,348.00
576.00,359.00,352.00,237.00,442.00,207.00,258.00,294.00,163.00,272.00,370.00
629.00,360.00,346.00,255.00,407.00,232.00,240.00,275.00,150.00,269.00,379.00
681.00,434.00,391.00,254.00,517.00,220.00,224.00,254.00,128.00,247.00,349.00
601.00,412.00,378.00,245.00,521.00,237.00,214.00,223.00,133.00,259.00,359.00
613.00,590.00,354.00,266.00,535.00,245.00,309.00,230.00,131.00,263.00,483.00
652.00,419.00,399.00,267.00,463.00,262.00,235.00,267.00,218.00,268.00,422.00
473.00,425.00,422.00,277.00,515.00,259.00,276.00,259.00,153.00,245.00,383.00
679.00,438.00,413.00,299.00,491.00,269.00,267.00,260.00,144.00,264.00,358.00
701.00,478.00,426.00,311.00,550.00,267.00,239.00,238.00,150.00,204.00,323.00
466.00,509.00,405.00,299.00,530.00,266.00,242.00,212.00,135.00,201.00,360.00
610.00,484.00,392.00,336.00,494.00,262.00,220.00,268.00,139.00,209.00,394.00
601.00,450.00,392.00,290.00,524.00,327.00,282.00,262.00,162.00,252.00,399.00
487.00,433.00,387.00,332.00,526.00,328.00,250.00,282.00,144.00,225.00,427.00
593.00,450.00,362.00,326.00,475.00,308.00,275.00,282.00,147.00,238.00,431.00
523.00,506.00,410.00,357.00,518.00,335.00,276.00,245.00,145.00,203.00,365.00
490.00,668.00,411.00,369.00,484.00,324.00,259.00,248.00,138.00,216.00,410.00
460.00,727.00,424.00,369.00,494.00,375.00,247.00,259.00,144.00,214.00,403.00
432.00,495.00,406.00,372.00,529.00,348.00,282.00,256.00,175.00,189.00,377.00
463.00,573.00,423.00,373.00,552.00,418.00,274.00,265.00,176.00,190.00,394.00
444.00,533.00,423.00,372.00,507.00,359.00,287.00,255.00,157.00,189.00,385.00
603.00,548.00,383.00,386.00,447.00,271.00,276.00,219.00,115.00,183.00,358.00
493.00,501.00,418.00,445.00,379.00,262.00,263.00,223.00,105.00,175.00,379.00
387.00,520.00,405.00,369.00,401.00,268.00,200.00,250.00,97.00,213.00,478.00
315.00,289.00,259.00,184.00,388.00,175.00,195.00,158.00,147.00,277.00,184.00
442.00,364.00,274.00,196.00,772.00,164.00,199.00,229.00,159.00,294.00,188.00
406.00,376.00,278.00,194.00,784.00,162.00,201.00,150.00,150.00,286.00,192.00
419.00,366.00,306.00,196.00,575.00,179.00,216.00,134.00,153.00,246.00,196.00
427.00,306.00,316.00,193.00,675.00,187.00,216.00,240.00,145.00,239.00,197.00
919.00,315.00,284.00,200.00,686.00,176.00,207.00,303.00,149.00,249.00,209.00
837.00,302.00,297.00,215.00,480.00,177.00,253.00,282.00,196.00,280.00,210.00
852.00,303.00,295.00,235.00,701.00,186.00,256.00,267.00,200.00,286.00,216.00
758.00,326.00,296.00,222.00,612.00,185.00,262.00,265.00,184.00,278.00,237.00
722.00,288.00,312.00,223.00,600.00,214.00,284.00,281.00,171.00,278.00,240.00
727.00,293.00,303.00,227.00,627.00,208.00,262.00,300.00,184.00,271.00,232.00
757.00,305.00,296.00,229.00,547.00,248.00,291.00,281.00,173.00,261.00,237.00
707.00,303.00,298.00,225.00,470.00,220.00,220.00,274.00,190.00,250.00,225.00
720.00,310.00,403.00,227.00,537.00,225.00,206.00,282.00,152.00,256.00,268.00
752.00,317.00,306.00,226.00,547.00,219.00,201.00,312.00,139.00,233.00,327.00
704.00,300.00,318.00,247.00,521.00,245.00,204.00,269.00,162.00,279.00,270.00
474.00,308.00,326.00,219.00,514.00,222.00,204.00,259.00,162.00,274.00,282.00
570.00,308.00,307.00,187.00,546.00,227.00,220.00,245.00,152.00,269.00,291.00
550.00,342.00,281.00,162.00,456.00,221.00,209.00,240.00,155.00,257.00,298.00
498.00,335.00,308.00,161.00,488.00,213.00,205.00,239.00,181.00,251.00,299.00
542.00,334.00,276.00,169.00,459.00,202.00,210.00,225.00,151.00,265.00,301.00
735.00,344.00,290.00,187.00,442.00,241.00,254.00,248.00,191.00,259.00,332.00
574.00,360.00,306.00,188.00,433.00,252.00,255.00,256.00,170.00,254.00,331.00
553.00,359.00,296.00,174.00,429.00,230.00,270.00,249.00,154.00,269.00,338.00
774.00,354.00,331.00,227.00,430.00,197.00,253.00,291.00,152.00,257.00,364.00
743.00,384.00,279.00,274.00,481.00,204.00,218.00,265.00,151.00,245.00,365.00
737.00,390.00,295.00,248.00,452.00,223.00,216.00,261.00,136.00,244.00,362.00
561.00,388.00,366.00,262.00,484.00,250.00,227.00,243.00,163.00,228.00,335.00
560.00,410.00,365.00,257.00,473.00,238.00,244.00,241.00,143.00,243.00,352.00
598.00,393.00,358.00,276.00,459.00,256.00,210.00,220.00,174.00,217.00,414.00
566.00,427.00,361.00,269.00,477.00,268.00,218.00,249.00,232.00,228.00,384.00
727.00,412.00,396.00,261.00,493.00,270.00,248.00,245.00,204.00,219.00,353.00
666.00,421.00,335.00,422.00,568.00,263.00,255.00,268.00,187.00,220.00,356.00
530.00,469.00,417.00,307.00,499.00,298.00,260.00,250.00,151.00,222.00,329.00
664.00,477.00,398.00,294.00,506.00,296.00,245.00,242.00,152.00,201.00,326.00
452.00,474.00,358.00,306.00,550.00,286.00,235.00,284.00,155.00,200.00,377.00
720.00,444.00,388.00,323.00,470.00,304.00,270.00,264.00,164.00,247.00,399.00
514.00,447.00,400.00,298.00,497.00,313.00,211.00,265.00,149.00,218.00,408.00
573.00,453.00,394.00,319.00,514.00,373.00,265.00,265.00,147.00,221.00,421.00
496.00,498.00,363.00,341.00,500.00,340.00,239.00,271.00,158.00,199.00,385.00
505.00,519.00,369.00,312.00,466.00,312.00,230.00,246.00,141.00,166.00,381.00
387.00,511.00,374.00,311.00,456.00,320.00,229.00,187.00,148.00,193.00,389.00
424.00,548.00,426.00,356.00,456.00,324.00,236.00,232.00,160.00,191.00,408.00
483.00,543.00,437.00,354.00,467.00,388.00,232.00,233.00,167.00,167.00,412.00
449.00,535.00,438.00,342.00,491.00,326.00,245.00,221.00,145.00,186.00,408.00
408.00,528.00,378.00,365.00,415.00,276.00,240.00,230.00,118.00,185.00,409.00
396.00,523.00,394.00,356.00,392.00,277.00,251.00,223.00,112.00,174.00,404.00
434.00,511.00,408.00,364.00,378.00,289.00,243.00,244.00,106.00,191.00,393.00
343.00,290.00,300.00,197.00,547.00,175.00,191.00,216.00,147.00,285.00,190.00
368.00,299.00,323.00,193.00,515.00,177.00,191.00,125.00,148.00,295.00,179.00
411.00,294.00,330.00,195.00,832.00,180.00,176.00,226.00,159.00,279.00,175.00
462.00,388.00,294.00,193.00,457.00,212.00,219.00,229.00,158.00,295.00,188.00
720.00,280.00,307.00,199.00,857.00,193.00,224.00,253.00,152.00,253.00,201.00
859.00,291.00,271.00,203.00,662.00,177.00,194.00,139.00,151.00,268.00,236.00
902.00,305.00,290.00,219.00,577.00,173.00,263.00,268.00,153.00,285.00,219.00
901.00,296.00,276.00,220.00,532.00,203.00,273.00,276.00,155.00,307.00,213.00
806.00,326.00,286.00,230.00,476.00,234.00,283.00,271.00,144.00,317.00,243.00
654.00,305.00,297.00,234.00,552.00,200.00,299.00,257.00,179.00,275.00,227.00
643.00,304.00,320.00,246.00,592.00,269.00,304.00,486.00,194.00,431.00,349.00
641.00,337.00,286.00,262.00,586.00,284.00,301.00,507.00,183.00,507.00,345.00
800.00,338.00,308.00,228.00,535.00,230.00,215.00,272.00,176.00,280.00,243.00
767.00,327.00,282.00,218.00,455.00,224.00,223.00,341.00,163.00,283.00,277.00
731.00,350.00,307.00,224.00,476.00,226.00,206.00,335.00,150.00,276.00,323.00
775.00,309.00,337.00,247.00,510.00,241.00,240.00,262.00,159.00,256.00,284.00
701.00,304.00,319.00,241.00,507.00,225.00,228.00,265.00,159.00,303.00,294.00
585.00,312.00,270.00,235.00,493.00,221.00,237.00,252.00,148.00,295.00,287.00
702.00,328.00,313.00,203.00,472.00,246.00,236.00,262.00,166.00,275.00,296.00
503.00,327.00,280.00,173.00,437.00,233.00,207.00,262.00,162.00,275.00,324.00
661.00,324.00,297.00,178.00,441.00,206.00,198.00,241.00,143.00,261.00,295.00
734.00,356.00,290.00,204.00,477.00,215.00,261.00,243.00,208.00,280.00,311.00
714.00,348.00,389.00,194.00,476.00,210.00,271.00,212.00,208.00,257.00,313.00
541.00,346.00,385.00,240.00,585.00,182.00,277.00,243.00,184.00,278.00,324.00
523.00,357.00,359.00,233.00,493.00,223.00,240.00,254.00,154.00,275.00,325.00
712.00,364.00,295.00,253.00,506.00,207.00,231.00,259.00,152.00,266.00,347.00
659.00,366.00,338.00,262.00,505.00,226.00,234.00,255.00,134.00,240.00,335.00
637.00,388.00,318.00,281.00,537.00,244.00,226.00,244.00,148.00,236.00,359.00
733.00,394.00,358.00,282.00,524.00,244.00,225.00,227.00,148.00,247.00,331.00
635.00,453.00,370.00,328.00,564.00,291.00,245.00,283.00,156.00,274.00,418.00
638.00,436.00,406.00,283.00,551.00,310.00,264.00,231.00,209.00,233.00,391.00
700.00,446.00,416.00,300.00,550.00,308.00,265.00,273.00,143.00,234.00,342.00
644.00,469.00,514.00,359.00,578.00,369.00,306.00,537.00,157.00,392.00,546.00
725.00,461.00,382.00,296.00,514.00,301.00,272.00,232.00,149.00,227.00,373.00
642.00,500.00,399.00,279.00,504.00,307.00,252.00,261.00,145.00,242.00,345.00
442.00,453.00,379.00,343.00,487.00,289.00,255.00,249.00,141.00,218.00,336.00
495.00,505.00,404.00,340.00,536.00,324.00,253.00,252.00,160.00,243.00,410.00
821.00,476.00,384.00,327.00,511.00,325.00,250.00,229.00,147.00,249.00,415.00
454.00,554.00,498.00,462.00,582.00,417.00,309.00,538.00,173.00,382.00,625.00
503.00,481.00,410.00,359.00,550.00,395.00,262.00,256.00,144.00,213.00,362.00
506.00,518.00,423.00,368.00,519.00,323.00,256.00,308.00,139.00,206.00,354.00
428.00,524.00,416.00,338.00,495.00,330.00,252.00,273.00,135.00,194.00,451.00
550.00,513.00,406.00,327.00,515.00,341.00,244.00,238.00,118.00,187.00,410.00
413.00,510.00,405.00,326.00,508.00,328.00,249.00,226.00,116.00,176.00,375.00
409.00,516.00,415.00,342.00,515.00,358.00,234.00,233.00,113.00,183.00,438.00
433.00,551.00,431.00,376.00,421.00,298.00,234.00,229.00,118.00,195.00,421.00
442.00,552.00,388.00,376.00,442.00,290.00,224.00,232.00,101.00,200.00,394.00
338.00,521.00,429.00,433.00,406.00,317.00,224.00,243.00,99.00,194.00,417.00
356.00,273.00,321.00,206.00,471.00,180.00,193.00,190.00,139.00,279.00,183.00
340.00,287.00,284.00,203.00,402.00,189.00,189.00,122.00,156.00,291.00,210.00
402.00,289.00,299.00,201.00,512.00,185.00,184.00,192.00,164.00,298.00,180.00
429.00,303.00,340.00,210.00,542.00,197.00,239.00,236.00,183.00,321.00,206.00
671.00,320.00,351.00,224.00,730.00,211.00,231.00,137.00,176.00,296.00,283.00
834.00,319.00,329.00,222.00,498.00,199.00,236.00,278.00,184.00,303.00,271.00
804.00,309.00,306.00,209.00,513.00,191.00,215.00,280.00,133.00,259.00,224.00
891.00,383.00,288.00,208.00,450.00,189.00,194.00,245.00,158.00,255.00,226.00
778.00,397.00,303.00,222.00,500.00,203.00,208.00,268.00,134.00,282.00,238.00
785.00,309.00,298.00,220.00,655.00,217.00,264.00,276.00,154.00,268.00,247.00
772.00,313.00,340.00,213.00,600.00,246.00,272.00,295.00,152.00,271.00,254.00
808.00,301.00,337.00,247.00,561.00,228.00,281.00,287.00,190.00,299.00,263.00
821.00,315.00,279.00,218.00,481.00,204.00,195.00,257.00,256.00,266.00,250.00
823.00,402.00,297.00,240.00,420.00,229.00,212.00,280.00,150.00,274.00,266.00
859.00,406.00,290.00,231.00,461.00,212.00,204.00,271.00,144.00,258.00,312.00
794.00,313.00,335.00,247.00,460.00,254.00,258.00,255.00,160.00,284.00,323.00
784.00,324.00,369.00,250.00,518.00,246.00,247.00,257.00,157.00,280.00,293.00
772.00,323.00,353.00,233.00,472.00,243.00,207.00,262.00,150.00,279.00,297.00
732.00,331.00,295.00,201.00,417.00,255.00,238.00,250.00,183.00,282.00,307.00
665.00,324.00,286.00,170.00,379.00,221.00,269.00,228.00,178.00,254.00,275.00
700.00,338.00,290.00,180.00,399.00,229.00,192.00,222.00,171.00,280.00,295.00
714.00,349.00,298.00,201.00,529.00,197.00,265.00,262.00,206.00,283.00,356.00
688.00,349.00,311.00,217.00,511.00,199.00,251.00,270.00,156.00,279.00,355.00
637.00,349.00,297.00,220.00,518.00,222.00,286.00,257.00,163.00,276.00,384.00
726.00,347.00,310.00,234.00,442.00,207.00,257.00,255.00,143.00,258.00,355.00
704.00,367.00,301.00,252.00,450.00,202.00,241.00,265.00,162.00,262.00,328.00
756.00,369.00,347.00,277.00,463.00,238.00,255.00,285.00,148.00,270.00,407.00
681.00,396.00,335.00,275.00,468.00,245.00,231.00,267.00,162.00,247.00,349.00
774.00,407.00,353.00,263.00,504.00,253.00,237.00,227.00,153.00,247.00,349.00
710.00,418.00,365.00,263.00,483.00,268.00,212.00,237.00,204.00,271.00,447.00
640.00,418.00,395.00,291.00,517.00,282.00,251.00,249.00,212.00,254.00,474.00
668.00,434.00,387.00,305.00,517.00,322.00,269.00,260.00,183.00,245.00,370.00
660.00,461.00,400.00,281.00,504.00,321.00,257.00,287.00,182.00,246.00,369.00
648.00,474.00,413.00,318.00,496.00,304.00,248.00,247.00,157.00,224.00,347.00
560.00,482.00,407.00,294.00,499.00,297.00,235.00,251.00,165.00,219.00,358.00
642.00,465.00,376.00,324.00,465.00,298.00,228.00,335.00,160.00,227.00,634.00
764.00,441.00,395.00,312.00,470.00,308.00,271.00,249.00,168.00,259.00,425.00
697.00,458.00,426.00,354.00,528.00,360.00,289.00,356.00,146.00,278.00,502.00
484.00,444.00,411.00,323.00,471.00,172.00,246.00,243.00,156.00,225.00,430.00
555.00,513.00,430.00,523.00,442.00,324.00,253.00,234.00,162.00,202.00,389.00
541.00,537.00,430.00,350.00,404.00,334.00,255.00,243.00,148.00,219.00,410.00
583.00,559.00,428.00,363.00,453.00,323.00,258.00,231.00,145.00,217.00,412.00
569.00,507.00,398.00,338.00,521.00,326.00,293.00,255.00,168.00,184.00,388.00
428.00,508.00,381.00,334.00,498.00,345.00,273.00,222.00,147.00,178.00,390.00
427.00,543.00,393.00,348.00,479.00,284.00,270.00,241.00,130.00,198.00,429.00
446.00,576.00,414.00,373.00,412.00,269.00,232.00,232.00,140.00,166.00,417.00
434.00,544.00,398.00,366.00,405.00,262.00,229.00,233.00,111.00,184.00,404.00
428.00,475.00,421.00,373.00,385.00,271.00,220.00,246.00,104.00,186.00,387.00
334.00,299.00,276.00,196.00,482.00,188.00,213.00,235.00,136.00,301.00,188.00
335.00,320.00,281.00,209.00,523.00,193.00,188.00,236.00,135.00,297.00,194.00
376.00,330.00,295.00,206.00,514.00,194.00,197.00,135.00,139.00,301.00,205.00
434.00,289.00,341.00,216.00,574.00,224.00,228.00,152.00,197.00,306.00,193.00
545.00,281.00,329.00,214.00,459.00,193.00,228.00,232.00,172.00,317.00,188.00
876.00,289.00,288.00,206.00,438.00,213.00,221.00,254.00,175.00,273.00,252.00
791.00,291.00,318.00,212.00,497.00,206.00,235.00,265.00,125.00,244.00,208.00
887.00,307.00,290.00,220.00,558.00,219.00,211.00,266.00,127.00,256.00,202.00
964.00,296.00,277.00,223.00,437.00,240.00,234.00,255.00,124.00,239.00,219.00
952.00,326.00,294.00,232.00,492.00,231.00,234.00,315.00,188.00,311.00,249.00
969.00,308.00,303.00,240.00,437.00,228.00,233.00,288.00,172.00,285.00,244.00
821.00,301.00,270.00,238.00,464.00,229.00,218.00,283.00,191.00,281.00,312.00
898.00,307.00,278.00,237.00,506.00,231.00,244.00,269.00,180.00,298.00,237.00
839.00,323.00,267.00,234.00,493.00,233.00,205.00,387.00,214.00,297.00,289.00
874.00,323.00,275.00,220.00,470.00,246.00,173.00,293.00,142.00,278.00,291.00
748.00,311.00,308.00,246.00,462.00,249.00,242.00,284.00,163.00,272.00,274.00
817.00,308.00,318.00,245.00,472.00,247.00,224.00,302.00,161.00,259.00,294.00
824.00,334.00,320.00,270.00,512.00,275.00,223.00,281.00,164.00,307.00,334.00
755.00,338.00,314.00,232.00,431.00,221.00,192.00,257.00,170.00,302.00,302.00
718.00,338.00,324.00,218.00,449.00,227.00,211.00,254.00,171.00,286.00,320.00
682.00,340.00,307.00,193.00,435.00,224.00,195.00,271.00,138.00,279.00,310.00
762.00,343.00,300.00,224.00,434.00,226.00,282.00,257.00,231.00,287.00,320.00
714.00,347.00,294.00,236.00,437.00,259.00,282.00,269.00,208.00,285.00,346.00
710.00,349.00,306.00,234.00,432.00,251.00,288.00,245.00,183.00,268.00,324.00
751.00,341.00,341.00,258.00,464.00,227.00,251.00,239.00,145.00,243.00,313.00
744.00,364.00,356.00,263.00,479.00,218.00,229.00,251.00,158.00,262.00,352.00
752.00,369.00,341.00,344.00,414.00,243.00,216.00,259.00,132.00,253.00,332.00
780.00,378.00,331.00,366.00,440.00,274.00,263.00,260.00,155.00,240.00,376.00
723.00,389.00,342.00,287.00,473.00,281.00,268.00,258.00,147.00,229.00,363.00
610.00,408.00,334.00,295.00,442.00,285.00,205.00,263.00,136.00,250.00,448.00
667.00,421.00,387.00,277.00,509.00,302.00,249.00,253.00,235.00,236.00,446.00
608.00,422.00,411.00,293.00,523.00,310.00,239.00,261.00,177.00,234.00,374.00
661.00,446.00,370.00,293.00,480.00,307.00,235.00,267.00,165.00,231.00,351.00
705.00,459.00,421.00,284.00,505.00,326.00,274.00,263.00,161.00,223.00,340.00
536.00,471.00,378.00,296.00,457.00,306.00,237.00,245.00,149.00,194.00,510.00
670.00,459.00,386.00,275.00,456.00,289.00,214.00,242.00,130.00,234.00,482.00
534.00,459.00,423.00,308.00,511.00,301.00,249.00,264.00,174.00,223.00,373.00
644.00,423.00,374.00,294.00,474.00,310.00,227.00,231.00,143.00,213.00,358.00
927.00,443.00,366.00,286.00,479.00,359.00,231.00,245.00,148.00,219.00,362.00
519.00,494.00,392.00,337.00,526.00,417.00,259.00,279.00,142.00,218.00,405.00
544.00,525.00,447.00,356.00,512.00,304.00,253.00,241.00,127.00,212.00,363.00
461.00,533.00,423.00,337.00,505.00,321.00,248.00,219.00,122.00,190.00,342.00
499.00,543.00,438.00,443.00,457.00,345.00,280.00,251.00,120.00,198.00,405.00
550.00,548.00,483.00,459.00,437.00,364.00,283.00,255.00,125.00,185.00,395.00
479.00,570.00,448.00,413.00,465.00,347.00,279.00,250.00,143.00,187.00,386.00
416.00,550.00,394.00,359.00,452.00,293.00,241.00,253.00,127.00,187.00,374.00
418.00,510.00,388.00,428.00,388.00,291.00,246.00,214.00,122.00,179.00,403.00
369.00,621.00,403.00,416.00,394.00,304.00,210.00,246.00,118.00,190.00,534.00
361.00,288.00,300.00,201.00,412.00,193.00,203.00,205.00,127.00,296.00,183.00
349.00,306.00,295.00,204.00,402.00,195.00,198.00,214.00,138.00,297.00,178.00
357.00,375.00,334.00,245.00,410.00,198.00,201.00,370.00,143.00,482.00,246.00
406.00,287.00,298.00,207.00,386.00,200.00,207.00,126.00,143.00,289.00,187.00
495.00,295.00,340.00,205.00,436.00,210.00,248.00,320.00,144.00,256.00,271.00
491.00,303.00,300.00,206.00,398.00,214.00,233.00,327.00,145.00,296.00,259.00
491.00,289.00,318.00,214.00,426.00,236.00,261.00,256.00,176.00,265.00,213.00
919.00,295.00,301.00,216.00,472.00,209.00,240.00,283.00,179.00,273.00,199.00
569.00,293.00,298.00,201.00,507.00,232.00,276.00,250.00,155.00,248.00,235.00
866.00,294.00,309.00,233.00,455.00,235.00,223.00,305.00,134.00,302.00,262.00
981.00,467.00,473.00,389.00,696.00,380.00,398.00,834.00,269.00,716.00,617.00
720.00,325.00,277.00,220.00,413.00,216.00,207.00,387.00,234.00,265.00,263.00
932.00,302.00,275.00,214.00,422.00,228.00,194.00,275.00,238.00,267.00,266.00
885.00,303.00,289.00,227.00,423.00,220.00,213.00,335.00,145.00,275.00,275.00
901.00,326.00,295.00,225.00,449.00,225.00,249.00,313.00,148.00,270.00,305.00
819.00,322.00,285.00,240.00,446.00,236.00,219.00,260.00,160.00,265.00,295.00
887.00,317.00,298.00,238.00,443.00,233.00,203.00,278.00,164.00,235.00,273.00
854.00,321.00,358.00,235.00,466.00,246.00,190.00,270.00,153.00,243.00,303.00
831.00,319.00,286.00,238.00,422.00,213.00,203.00,282.00,168.00,288.00,312.00
882.00,329.00,305.00,229.00,436.00,232.00,207.00,280.00,161.00,275.00,305.00
703.00,355.00,325.00,221.00,421.00,221.00,205.00,323.00,154.00,308.00,398.00
733.00,343.00,303.00,225.00,412.00,236.00,213.00,269.00,184.00,276.00,297.00
858.00,330.00,315.00,238.00,400.00,216.00,211.00,274.00,144.00,258.00,343.00
890.00,344.00,326.00,252.00,430.00,264.00,237.00,297.00,166.00,288.00,349.00
897.00,356.00,317.00,239.00,433.00,244.00,250.00,266.00,145.00,254.00,327.00
862.00,366.00,313.00,235.00,423.00,230.00,246.00,244.00,147.00,251.00,349.00
734.00,386.00,316.00,249.00,407.00,252.00,244.00,262.00,135.00,279.00,365.00
552.00,379.00,313.00,247.00,448.00,257.00,244.00,255.00,157.00,223.00,358.00
738.00,389.00,338.00,250.00,439.00,268.00,245.00,262.00,135.00,224.00,350.00
691.00,406.00,391.00,280.00,481.00,264.00,249.00,255.00,201.00,255.00,531.00
481.00,390.00,384.00,284.00,487.00,316.00,255.00,241.00,224.00,221.00,416.00
483.00,418.00,386.00,292.00,500.00,316.00,243.00,262.00,173.00,223.00,335.00
616.00,389.00,382.00,271.00,407.00,304.00,194.00,283.00,158.00,230.00,387.00
617.00,449.00,360.00,270.00,496.00,335.00,234.00,266.00,155.00,234.00,404.00
750.00,457.00,385.00,288.00,477.00,307.00,237.00,285.00,144.00,210.00,349.00
648.00,479.00,385.00,311.00,459.00,309.00,234.00,292.00,145.00,201.00,456.00
713.00,458.00,370.00,296.00,493.00,307.00,233.00,248.00,156.00,214.00,355.00
656.00,464.00,387.00,321.00,482.00,547.00,230.00,238.00,151.00,218.00,340.00
734.00,433.00,379.00,311.00,434.00,366.00,232.00,244.00,144.00,205.00,376.00
501.00,494.00,406.00,306.00,422.00,349.00,262.00,260.00,150.00,203.00,354.00
505.00,544.00,425.00,331.00,401.00,333.00,249.00,229.00,156.00,198.00,370.00
435.00,542.00,405.00,353.00,409.00,338.00,244.00,245.00,127.00,195.00,382.00
488.00,551.00,392.00,362.00,460.00,377.00,296.00,253.00,182.00,213.00,409.00
471.00,537.00,421.00,353.00,443.00,361.00,287.00,242.00,187.00,209.00,429.00
350.00,546.00,449.00,368.00,435.00,415.00,256.00,267.00,165.00,211.00,449.00
423.00,529.00,419.00,346.00,412.00,269.00,237.00,250.00,125.00,180.00,390.00
508.00,504.00,378.00,384.00,382.00,280.00,247.00,221.00,98.00,165.00,347.00
619.00,527.00,412.00,397.00,388.00,383.00,227.00,245.00,112.00,164.00,439.00
429.00,274.00,307.00,205.00,602.00,171.00,200.00,204.00,133.00,296.00,182.00
453.00,290.00,320.00,217.00,510.00,178.00,201.00,215.00,149.00,311.00,192.00
474.00,309.00,316.00,203.00,768.00,177.00,203.00,219.00,148.00,314.00,213.00
507.00,300.00,333.00,228.00,640.00,203.00,233.00,222.00,165.00,321.00,198.00
504.00,283.00,323.00,214.00,671.00,195.00,227.00,140.00,159.00,310.00,198.00
529.00,288.00,322.00,191.00,476.00,191.00,225.00,231.00,155.00,252.00,205.00
517.00,310.00,313.00,204.00,538.00,201.00,235.00,258.00,156.00,262.00,238.00
507.00,321.00,325.00,214.00,644.00,221.00,246.00,281.00,164.00,269.00,235.00
990.00,299.00,301.00,203.00,548.00,223.00,260.00,266.00,149.00,271.00,239.00
859.00,311.00,296.00,237.00,572.00,222.00,249.00,254.00,181.00,265.00,246.00
447.00,318.00,276.00,223.00,618.00,223.00,234.00,275.00,153.00,264.00,252.00
659.00,330.00,281.00,205.00,550.00,219.00,239.00,283.00,159.00,255.00,278.00
798.00,430.00,486.00,301.00,648.00,339.00,322.00,686.00,202.00,583.00,537.00
867.00,326.00,310.00,226.00,522.00,231.00,202.00,334.00,218.00,269.00,271.00
834.00,328.00,299.00,227.00,487.00,228.00,208.00,326.00,149.00,280.00,295.00
507.00,315.00,329.00,256.00,473.00,239.00,238.00,291.00,154.00,255.00,297.00
583.00,316.00,320.00,256.00,556.00,225.00,221.00,266.00,168.00,274.00,309.00
861.00,312.00,304.00,249.00,481.00,228.00,209.00,271.00,146.00,253.00,307.00
784.00,334.00,309.00,256.00,489.00,222.00,206.00,270.00,177.00,257.00,316.00
484.00,325.00,295.00,253.00,502.00,214.00,189.00,272.00,183.00,318.00,328.00
427.00,332.00,330.00,243.00,469.00,221.00,182.00,271.00,150.00,299.00,324.00
574.00,338.00,344.00,259.00,515.00,257.00,266.00,280.00,200.00,290.00,354.00
584.00,337.00,326.00,246.00,506.00,257.00,272.00,254.00,177.00,271.00,384.00
775.00,355.00,356.00,292.00,502.00,287.00,294.00,156.00,179.00,322.00,417.00
937.00,351.00,363.00,242.00,496.00,244.00,249.00,156.00,146.00,296.00,345.00
812.00,371.00,284.00,286.00,388.00,217.00,179.00,138.00,125.00,282.00,350.00
891.00,361.00,342.00,253.00,474.00,248.00,232.00,137.00,131.00,257.00,335.00
859.00,415.00,354.00,278.00,501.00,279.00,250.00,206.00,155.00,261.00,393.00
918.00,403.00,363.00,267.00,520.00,274.00,275.00,222.00,152.00,242.00,361.00
981.00,407.00,361.00,273.00,484.00,278.00,238.00,252.00,157.00,255.00,378.00
895.00,441.00,396.00,282.00,550.00,308.00,226.00,234.00,249.00,238.00,447.00
904.00,451.00,388.00,278.00,547.00,288.00,244.00,308.00,179.00,250.00,399.00
953.00,447.00,391.00,293.00,492.00,288.00,291.00,279.00,142.00,235.00,395.00
890.00,457.00,415.00,317.00,469.00,288.00,277.00,305.00,165.00,241.00,388.00
773.00,493.00,415.00,319.00,496.00,297.00,266.00,265.00,156.00,241.00,478.00
613.00,460.00,432.00,326.00,475.00,317.00,285.00,335.00,151.00,224.00,428.00
575.00,454.00,385.00,328.00,493.00,421.00,253.00,249.00,174.00,241.00,433.00
592.00,477.00,362.00,316.00,494.00,501.00,237.00,245.00,150.00,255.00,455.00
801.00,462.00,357.00,328.00,493.00,447.00,250.00,229.00,145.00,217.00,433.00
414.00,520.00,435.00,359.00,505.00,345.00,268.00,246.00,176.00,205.00,350.00
416.00,523.00,435.00,354.00,481.00,352.00,265.00,293.00,158.00,205.00,499.00
417.00,538.00,403.00,379.00,459.00,345.00,267.00,262.00,150.00,185.00,431.00
398.00,643.00,436.00,371.00,465.00,369.00,262.00,239.00,197.00,220.00,417.00
446.00,560.00,457.00,367.00,447.00,342.00,256.00,245.00,193.00,205.00,444.00
503.00,550.00,447.00,359.00,436.00,332.00,261.00,258.00,176.00,184.00,432.00
450.00,599.00,438.00,410.00,463.00,293.00,266.00,91.00,132.00,191.00,395.00
637.00,576.00,417.00,396.00,416.00,270.00,260.00,263.00,115.00,186.00,376.00
468.00,559.00,411.00,411.00,406.00,386.00,247.00,248.00,101.00,226.00,412.00
469.00,271.00,306.00,195.00,698.00,199.00,208.00,226.00,134.00,300.00,191.00
491.00,271.00,331.00,200.00,511.00,190.00,214.00,234.00,138.00,310.00,199.00
491.00,284.00,345.00,201.00,518.00,198.00,212.00,222.00,138.00,306.00,205.00
528.00,300.00,322.00,222.00,438.00,197.00,221.00,249.00,159.00,322.00,206.00
524.00,293.00,334.00,213.00,456.00,198.00,225.00,281.00,152.00,315.00,222.00
515.00,312.00,283.00,212.00,449.00,193.00,214.00,279.00,157.00,325.00,232.00
538.00,310.00,316.00,217.00,519.00,211.00,248.00,272.00,167.00,295.00,246.00
534.00,307.00,311.00,203.00,484.00,222.00,240.00,271.00,169.00,277.00,259.00
922.00,291.00,314.00,222.00,661.00,213.00,252.00,262.00,158.00,264.00,245.00
507.00,283.00,314.00,206.00,492.00,223.00,255.00,265.00,136.00,269.00,260.00
502.00,343.00,314.00,204.00,467.00,218.00,247.00,277.00,140.00,264.00,248.00
854.00,374.00,306.00,253.00,531.00,228.00,235.00,260.00,158.00,267.00,287.00
886.00,313.00,296.00,226.00,470.00,225.00,221.00,290.00,209.00,274.00,302.00
698.00,325.00,317.00,245.00,528.00,221.00,200.00,274.00,322.00,285.00,308.00
906.00,329.00,310.00,238.00,496.00,214.00,205.00,291.00,153.00,299.00,385.00
883.00,315.00,340.00,251.00,475.00,243.00,238.00,271.00,165.00,260.00,298.00
867.00,302.00,338.00,241.00,501.00,230.00,233.00,284.00,165.00,256.00,308.00
876.00,319.00,315.00,255.00,472.00,227.00,214.00,274.00,164.00,240.00,310.00
945.00,312.00,326.00,238.00,488.00,224.00,226.00,275.00,177.00,253.00,339.00
526.00,336.00,344.00,276.00,464.00,229.00,239.00,278.00,181.00,303.00,350.00
628.00,329.00,318.00,319.00,440.00,234.00,211.00,148.00,161.00,268.00,346.00
848.00,324.00,362.00,257.00,434.00,261.00,288.00,268.00,189.00,257.00,373.00
662.00,341.00,338.00,268.00,433.00,245.00,284.00,155.00,160.00,260.00,333.00
795.00,349.00,337.00,285.00,404.00,259.00,285.00,157.00,174.00,288.00,346.00
478.00,347.00,348.00,272.00,460.00,205.00,237.00,168.00,171.00,277.00,390.00
542.00,552.00,463.00,329.00,618.00,309.00,344.00,148.00,211.00,573.00,861.00
979.00,365.00,318.00,260.00,457.00,226.00,234.00,133.00,155.00,252.00,365.00
986.00,396.00,348.00,254.00,545.00,263.00,280.00,159.00,157.00,236.00,347.00
997.00,411.00,357.00,266.00,461.00,275.00,295.00,159.00,144.00,240.00,369.00
991.00,408.00,354.00,287.00,460.00,284.00,298.00,246.00,177.00,249.00,446.00
990.00,429.00,382.00,281.00,493.00,301.00,254.00,214.00,206.00,247.00,475.00
973.00,431.00,370.00,309.00,474.00,290.00,265.00,245.00,155.00,225.00,407.00
1017.00,431.00,394.00,323.00,480.00,270.00,243.00,265.00,148.00,232.00,371.00
883.00,433.00,418.00,324.00,457.00,292.00,282.00,281.00,159.00,235.00,328.00
868.00,450.00,393.00,334.00,456.00,285.00,265.00,252.00,166.00,207.00,325.00
783.00,472.00,414.00,320.00,430.00,296.00,272.00,298.00,160.00,222.00,425.00
691.00,469.00,410.00,357.00,505.00,351.00,245.00,249.00,202.00,243.00,393.00
513.00,442.00,385.00,300.00,495.00,440.00,250.00,242.00,148.00,217.00,401.00
620.00,413.00,403.00,402.00,470.00,364.00,263.00,248.00,173.00,210.00,398.00
555.00,478.00,460.00,354.00,472.00,344.00,294.00,242.00,160.00,220.00,442.00
438.00,482.00,397.00,375.00,471.00,349.00,279.00,209.00,146.00,206.00,435.00
492.00,558.00,437.00,366.00,445.00,338.00,278.00,251.00,140.00,210.00,462.00
578.00,540.00,404.00,397.00,456.00,367.00,281.00,245.00,188.00,189.00,394.00
597.00,546.00,404.00,360.00,464.00,351.00,280.00,246.00,158.00,182.00,410.00
466.00,572.00,446.00,350.00,503.00,337.00,283.00,173.00,178.00,190.00,450.00
451.00,526.00,407.00,404.00,396.00,229.00,257.00,237.00,133.00,200.00,423.00
586.00,532.00,383.00,502.00,412.00,235.00,267.00,241.00,111.00,195.00,405.00
570.00,581.00,412.00,439.00,436.00,268.00,237.00,252.00,111.00,193.00,402.00
346.00,282.00,318.00,201.00,499.00,181.00,201.00,123.00,134.00,305.00,180.00
416.00,277.00,325.00,203.00,538.00,186.00,202.00,221.00,145.00,331.00,197.00
504.00,313.00,337.00,227.00,577.00,210.00,227.00,307.00,158.00,411.00,246.00
453.00,299.00,322.00,221.00,538.00,204.00,227.00,237.00,164.00,342.00,202.00
496.00,305.00,329.00,217.00,605.00,197.00,232.00,229.00,156.00,338.00,226.00
524.00,301.00,308.00,219.00,447.00,199.00,229.00,251.00,155.00,297.00,225.00
512.00,293.00,306.00,223.00,469.00,242.00,255.00,254.00,196.00,268.00,212.00
563.00,281.00,321.00,228.00,536.00,234.00,242.00,245.00,200.00,256.00,218.00
514.00,297.00,332.00,224.00,547.00,245.00,246.00,263.00,191.00,260.00,219.00
459.00,337.00,311.00,219.00,516.00,231.00,301.00,260.00,173.00,284.00,259.00
969.00,301.00,315.00,229.00,503.00,225.00,288.00,284.00,167.00,298.00,263.00
595.00,339.00,312.00,234.00,545.00,259.00,312.00,274.00,148.00,283.00,276.00
544.00,313.00,311.00,225.00,551.00,249.00,222.00,292.00,191.00,274.00,276.00
547.00,316.00,300.00,251.00,477.00,234.00,233.00,321.00,283.00,293.00,372.00
547.00,316.00,307.00,270.00,488.00,239.00,229.00,341.00,144.00,275.00,262.00
858.00,306.00,364.00,250.00,495.00,254.00,251.00,274.00,164.00,254.00,292.00
581.00,303.00,344.00,250.00,454.00,245.00,241.00,128.00,187.00,250.00,304.00
907.00,313.00,317.00,261.00,525.00,245.00,229.00,118.00,161.00,261.00,296.00
897.00,323.00,339.00,255.00,453.00,213.00,227.00,139.00,169.00,248.00,313.00
917.00,317.00,360.00,259.00,469.00,206.00,221.00,245.00,171.00,309.00,341.00
483.00,313.00,339.00,320.00,443.00,212.00,220.00,126.00,143.00,283.00,319.00
548.00,314.00,353.00,264.00,476.00,271.00,249.00,132.00,198.00,261.00,354.00
517.00,345.00,333.00,295.00,518.00,297.00,238.00,137.00,175.00,244.00,315.00
511.00,337.00,329.00,263.00,546.00,256.00,292.00,148.00,176.00,288.00,339.00
484.00,347.00,320.00,266.00,496.00,261.00,253.00,137.00,172.00,298.00,339.00
508.00,364.00,364.00,300.00,519.00,260.00,247.00,120.00,173.00,325.00,358.00
512.00,381.00,335.00,258.00,480.00,255.00,235.00,139.00,169.00,273.00,357.00
544.00,397.00,386.00,285.00,516.00,263.00,259.00,115.00,158.00,282.00,367.00
1042.00,387.00,399.00,281.00,487.00,273.00,263.00,130.00,160.00,276.00,1449.00
549.00,385.00,358.00,280.00,490.00,268.00,237.00,123.00,137.00,249.00,376.00
523.00,413.00,427.00,296.00,533.00,304.00,249.00,166.00,286.00,233.00,438.00
506.00,413.00,420.00,318.00,515.00,284.00,261.00,283.00,203.00,226.00,385.00
490.00,419.00,425.00,307.00,538.00,277.00,256.00,274.00,187.00,212.00,408.00
1018.00,458.00,425.00,306.00,468.00,306.00,277.00,281.00,152.00,216.00,374.00
892.00,437.00,423.00,339.00,469.00,317.00,266.00,277.00,138.00,222.00,372.00
829.00,469.00,401.00,346.00,481.00,306.00,269.00,319.00,134.00,224.00,390.00
769.00,461.00,406.00,337.00,512.00,307.00,293.00,267.00,158.00,242.00,437.00
737.00,492.00,373.00,338.00,491.00,366.00,242.00,243.00,153.00,226.00,425.00
566.00,467.00,415.00,334.00,490.00,384.00,233.00,262.00,137.00,206.00,422.00
695.00,434.00,452.00,373.00,513.00,351.00,299.00,253.00,162.00,210.00,406.00
645.00,453.00,416.00,391.00,490.00,343.00,303.00,235.00,154.00,205.00,391.00
643.00,498.00,408.00,399.00,454.00,359.00,276.00,223.00,154.00,211.00,378.00
540.00,528.00,384.00,384.00,507.00,369.00,258.00,243.00,163.00,228.00,448.00
429.00,575.00,387.00,368.00,495.00,322.00,249.00,260.00,190.00,221.00,433.00
625.00,567.00,412.00,380.00,486.00,288.00,245.00,263.00,157.00,202.00,448.00
664.00,582.00,401.00,415.00,438.00,234.00,256.00,262.00,129.00,202.00,465.00
484.00,549.00,376.00,394.00,395.00,217.00,247.00,250.00,127.00,185.00,417.00
504.00,542.00,362.00,383.00,408.00,209.00,244.00,252.00,110.00,162.00,403.00
302.00,273.00,278.00,217.00,498.00,175.00,212.00,154.00,149.00,315.00,191.00
390.00,282.00,351.00,203.00,433.00,173.00,202.00,218.00,154.00,333.00,186.00
385.00,305.00,333.00,193.00,489.00,183.00,210.00,223.00,162.00,313.00,182.00
426.00,344.00,350.00,216.00,517.00,201.00,241.00,235.00,185.00,345.00,196.00
453.00,285.00,329.00,206.00,567.00,199.00,230.00,252.00,151.00,323.00,195.00
477.00,291.00,308.00,211.00,440.00,198.00,208.00,246.00,144.00,311.00,219.00
501.00,296.00,295.00,243.00,489.00,237.00,266.00,250.00,163.00,272.00,231.00
535.00,285.00,297.00,228.00,442.00,236.00,266.00,246.00,155.00,257.00,212.00
563.00,302.00,287.00,225.00,486.00,214.00,248.00,256.00,147.00,264.00,229.00
455.00,320.00,312.00,232.00,473.00,237.00,313.00,266.00,151.00,267.00,239.00
425.00,314.00,311.00,227.00,572.00,229.00,292.00,255.00,150.00,264.00,232.00
452.00,329.00,299.00,244.00,513.00,263.00,312.00,265.00,166.00,276.00,258.00
501.00,316.00,299.00,251.00,448.00,218.00,209.00,283.00,200.00,266.00,364.00
489.00,323.00,302.00,240.00,462.00,232.00,229.00,266.00,157.00,248.00,377.00
504.00,332.00,283.00,230.00,502.00,227.00,227.00,126.00,149.00,260.00,268.00
483.00,314.00,356.00,233.00,512.00,240.00,252.00,119.00,166.00,271.00,298.00
521.00,295.00,310.00,253.00,493.00,239.00,243.00,123.00,171.00,245.00,303.00
586.00,316.00,302.00,256.00,439.00,229.00,254.00,130.00,141.00,235.00,318.00
507.00,298.00,329.00,259.00,472.00,236.00,240.00,130.00,166.00,258.00,330.00
831.00,314.00,335.00,246.00,472.00,239.00,212.00,117.00,173.00,278.00,324.00
1298.00,635.00,982.00,448.00,1033.00,606.00,923.00,107.00,299.00,1609.00,1996.00
522.00,331.00,315.00,291.00,454.00,260.00,277.00,129.00,201.00,254.00,321.00
510.00,347.00,318.00,297.00,479.00,253.00,269.00,141.00,185.00,263.00,330.00
747.00,361.00,324.00,288.00,466.00,271.00,263.00,135.00,171.00,270.00,310.00
504.00,350.00,320.00,242.00,465.00,250.00,244.00,136.00,160.00,286.00,368.00
503.00,371.00,322.00,252.00,495.00,238.00,252.00,154.00,164.00,298.00,388.00
510.00,375.00,322.00,228.00,461.00,257.00,247.00,152.00,144.00,286.00,367.00
565.00,388.00,385.00,253.00,472.00,280.00,299.00,161.00,197.00,233.00,346.00
549.00,395.00,383.00,265.00,503.00,276.00,283.00,149.00,172.00,236.00,342.00
570.00,405.00,367.00,285.00,488.00,285.00,282.00,150.00,185.00,228.00,433.00
488.00,432.00,415.00,291.00,487.00,280.00,266.00,172.00,241.00,240.00,584.00
494.00,402.00,389.00,284.00,518.00,300.00,268.00,160.00,175.00,234.00,371.00
482.00,425.00,359.00,276.00,472.00,292.00,252.00,291.00,168.00,246.00,373.00
487.00,439.00,408.00,329.00,474.00,290.00,263.00,261.00,167.00,235.00,377.00
473.00,460.00,412.00,325.00,478.00,288.00,262.00,257.00,164.00,227.00,398.00
470.00,475.00,385.00,311.00,373.00,244.00,203.00,267.00,122.00,216.00,395.00
488.00,457.00,424.00,318.00,486.00,217.00,310.00,245.00,146.00,226.00,441.00
539.00,465.00,433.00,268.00,520.00,412.00,312.00,268.00,158.00,238.00,554.00
588.00,455.00,420.00,331.00,484.00,352.00,293.00,240.00,156.00,221.00,421.00
684.00,490.00,419.00,348.00,484.00,329.00,286.00,241.00,151.00,219.00,426.00
584.00,501.00,409.00,351.00,471.00,331.00,296.00,236.00,144.00,224.00,421.00
718.00,539.00,404.00,389.00,448.00,344.00,267.00,251.00,133.00,236.00,419.00
675.00,527.00,410.00,367.00,481.00,354.00,290.00,244.00,143.00,206.00,438.00
714.00,564.00,407.00,378.00,491.00,359.00,298.00,244.00,151.00,210.00,436.00
452.00,528.00,412.00,360.00,472.00,417.00,280.00,271.00,138.00,191.00,452.00
577.00,552.00,450.00,434.00,394.00,238.00,254.00,256.00,117.00,212.00,443.00
420.00,548.00,453.00,438.00,397.00,223.00,264.00,260.00,113.00,211.00,409.00
427.00,540.00,424.00,399.00,403.00,325.00,238.00,224.00,102.00,183.00,415.00
365.00,300.00,327.00,205.00,538.00,188.00,213.00,120.00,150.00,351.00,188.00
488.00,331.00,430.00,269.00,614.00,231.00,298.00,128.00,205.00,878.00,509.00
395.00,262.00,343.00,208.00,547.00,185.00,199.00,241.00,158.00,353.00,205.00
443.00,276.00,340.00,209.00,470.00,199.00,230.00,242.00,203.00,384.00,195.00
479.00,283.00,350.00,228.00,570.00,192.00,240.00,233.00,158.00,338.00,205.00
517.00,294.00,345.00,229.00,471.00,201.00,230.00,331.00,172.00,335.00,244.00
497.00,278.00,330.00,217.00,463.00,225.00,244.00,249.00,155.00,343.00,236.00
519.00,296.00,350.00,218.00,428.00,226.00,248.00,234.00,183.00,283.00,243.00
545.00,294.00,331.00,245.00,508.00,217.00,242.00,251.00,172.00,288.00,258.00
575.00,294.00,325.00,222.00,491.00,216.00,239.00,265.00,380.00,296.00,236.00
649.00,291.00,328.00,236.00,480.00,228.00,240.00,292.00,153.00,288.00,287.00
684.00,300.00,276.00,226.00,520.00,221.00,235.00,281.00,148.00,330.00,353.00
550.00,322.00,312.00,239.00,413.00,236.00,227.00,265.00,199.00,291.00,323.00
519.00,304.00,337.00,232.00,456.00,247.00,221.00,270.00,245.00,272.00,581.00
534.00,318.00,301.00,247.00,450.00,236.00,211.00,144.00,159.00,431.00,329.00
540.00,310.00,341.00,260.00,524.00,249.00,230.00,146.00,153.00,417.00,278.00
570.00,316.00,345.00,256.00,463.00,248.00,250.00,152.00,163.00,296.00,301.00
522.00,328.00,312.00,272.00,459.00,241.00,231.00,136.00,164.00,260.00,317.00
514.00,309.00,334.00,276.00,462.00,247.00,220.00,119.00,164.00,290.00,324.00
723.00,309.00,328.00,305.00,414.00,234.00,222.00,128.00,187.00,284.00,324.00
906.00,314.00,314.00,371.00,430.00,237.00,215.00,117.00,166.00,310.00,324.00
480.00,339.00,294.00,310.00,508.00,269.00,268.00,120.00,167.00,292.00,359.00
472.00,340.00,310.00,276.00,494.00,271.00,249.00,157.00,168.00,284.00,355.00
864.00,351.00,325.00,305.00,517.00,274.00,265.00,140.00,166.00,294.00,333.00
500.00,354.00,317.00,303.00,483.00,251.00,238.00,136.00,157.00,298.00,390.00
495.00,372.00,341.00,322.00,464.00,249.00,244.00,140.00,163.00,301.00,408.00
492.00,379.00,346.00,280.00,458.00,255.00,234.00,156.00,148.00,330.00,406.00
551.00,434.00,363.00,309.00,495.00,245.00,234.00,145.00,164.00,286.00,408.00
509.00,422.00,374.00,299.00,430.00,256.00,217.00,149.00,166.00,287.00,422.00
554.00,446.00,391.00,288.00,427.00,252.00,238.00,160.00,160.00,284.00,388.00
540.00,443.00,409.00,317.00,503.00,316.00,252.00,191.00,263.00,297.00,730.00
523.00,433.00,407.00,300.00,478.00,253.00,255.00,165.00,189.00,259.00,392.00
542.00,430.00,429.00,291.00,487.00,257.00,316.00,167.00,192.00,247.00,385.00
495.00,454.00,421.00,282.00,483.00,288.00,264.00,293.00,178.00,229.00,368.00
1000.00,482.00,422.00,290.00,484.00,296.00,262.00,279.00,171.00,234.00,375.00
508.00,504.00,434.00,308.00,458.00,313.00,273.00,283.00,154.00,213.00,378.00
553.00,555.00,424.00,353.00,493.00,319.00,265.00,275.00,179.00,242.00,451.00
493.00,476.00,417.00,327.00,494.00,382.00,266.00,271.00,166.00,216.00,433.00
515.00,603.00,443.00,359.00,457.00,307.00,257.00,271.00,175.00,235.00,428.00
482.00,522.00,444.00,359.00,506.00,345.00,278.00,245.00,181.00,213.00,438.00
508.00,535.00,427.00,375.00,486.00,326.00,269.00,233.00,179.00,214.00,413.00
499.00,540.00,455.00,378.00,466.00,316.00,292.00,312.00,141.00,231.00,606.00
754.00,576.00,433.00,365.00,495.00,365.00,315.00,254.00,195.00,229.00,436.00
753.00,590.00,451.00,412.00,490.00,365.00,325.00,260.00,181.00,239.00,463.00
472.00,598.00,435.00,379.00,451.00,396.00,338.00,252.00,173.00,206.00,419.00
433.00,553.00,451.00,381.00,428.00,324.00,250.00,292.00,146.00,205.00,499.00
462.00,561.00,459.00,400.00,394.00,247.00,256.00,268.00,138.00,211.00,514.00
421.00,536.00,456.00,419.00,406.00,307.00,236.00,311.00,113.00,225.00,520.00
384.00,322.00,296.00,196.00,723.00,190.00,196.00,271.00,172.00,355.00,223.00
404.00,252.00,320.00,212.00,489.00,182.00,205.00,258.00,162.00,369.00,206.00
419.00,275.00,351.00,207.00,480.00,183.00,215.00,230.00,162.00,356.00,194.00
431.00,269.00,363.00,221.00,522.00,204.00,262.00,257.00,188.00,362.00,216.00
483.00,263.00,337.00,200.00,377.00,210.00,263.00,255.00,153.00,349.00,200.00
511.00,259.00,352.00,204.00,406.00,208.00,241.00,341.00,161.00,357.00,217.00
511.00,287.00,341.00,204.00,575.00,217.00,273.00,271.00,187.00,337.00,234.00
566.00,294.00,306.00,234.00,482.00,244.00,270.00,311.00,177.00,298.00,279.00
531.00,292.00,306.00,228.00,492.00,244.00,259.00,290.00,167.00,272.00,226.00
504.00,277.00,317.00,219.00,574.00,210.00,290.00,262.00,190.00,271.00,244.00
513.00,277.00,290.00,222.00,431.00,196.00,279.00,293.00,178.00,268.00,242.00
566.00,290.00,310.00,233.00,548.00,275.00,286.00,291.00,182.00,267.00,327.00
561.00,307.00,330.00,247.00,464.00,255.00,237.00,323.00,201.00,589.00,782.00
532.00,297.00,334.00,252.00,449.00,249.00,236.00,169.00,172.00,813.00,641.00
548.00,315.00,344.00,234.00,431.00,229.00,233.00,184.00,156.00,483.00,289.00
549.00,304.00,353.00,271.00,470.00,234.00,237.00,202.00,185.00,296.00,298.00
536.00,309.00,330.00,240.00,467.00,240.00,238.00,159.00,167.00,243.00,294.00
495.00,304.00,338.00,252.00,469.00,233.00,230.00,177.00,142.00,230.00,288.00
665.00,307.00,331.00,268.00,467.00,240.00,223.00,157.00,163.00,237.00,413.00
503.00,304.00,322.00,274.00,417.00,222.00,216.00,155.00,169.00,245.00,363.00
500.00,337.00,320.00,255.00,435.00,267.00,221.00,128.00,166.00,266.00,323.00
564.00,339.00,333.00,282.00,438.00,218.00,285.00,148.00,210.00,234.00,379.00
540.00,360.00,349.00,302.00,436.00,224.00,282.00,155.00,219.00,270.00,344.00
521.00,367.00,342.00,323.00,479.00,251.00,283.00,135.00,212.00,291.00,356.00
501.00,341.00,351.00,304.00,463.00,274.00,246.00,135.00,168.00,291.00,383.00
511.00,361.00,336.00,312.00,453.00,256.00,242.00,134.00,165.00,296.00,344.00
505.00,376.00,354.00,276.00,437.00,266.00,236.00,135.00,153.00,301.00,414.00
561.00,393.00,359.00,279.00,461.00,252.00,258.00,130.00,162.00,275.00,427.00
554.00,434.00,377.00,275.00,485.00,259.00,271.00,145.00,153.00,293.00,500.00
885.00,445.00,394.00,290.00,501.00,271.00,272.00,160.00,191.00,283.00,1255.00
487.00,413.00,412.00,302.00,419.00,283.00,306.00,175.00,209.00,258.00,1478.00
474.00,412.00,397.00,277.00,405.00,267.00,258.00,161.00,177.00,234.00,387.00
496.00,435.00,379.00,322.00,430.00,262.00,279.00,164.00,168.00,220.00,382.00
991.00,461.00,397.00,295.00,483.00,297.00,274.00,279.00,145.00,239.00,423.00
473.00,458.00,413.00,286.00,474.00,296.00,291.00,303.00,148.00,242.00,390.00
486.00,495.00,437.00,306.00,479.00,239.00,263.00,489.00,171.00,268.00,497.00
504.00,517.00,422.00,320.00,467.00,310.00,285.00,455.00,172.00,276.00,684.00
469.00,520.00,419.00,283.00,467.00,290.00,262.00,259.00,168.00,236.00,436.00
480.00,546.00,441.00,314.00,486.00,299.00,269.00,267.00,173.00,221.00,449.00
530.00,554.00,438.00,387.00,485.00,329.00,307.00,338.00,170.00,266.00,551.00
491.00,566.00,433.00,353.00,489.00,329.00,291.00,271.00,152.00,252.00,449.00
510.00,575.00,412.00,350.00,458.00,330.00,275.00,262.00,149.00,216.00,433.00
476.00,533.00,410.00,356.00,471.00,398.00,311.00,270.00,171.00,237.00,451.00
438.00,544.00,424.00,386.00,480.00,373.00,325.00,272.00,150.00,199.00,440.00
449.00,549.00,401.00,395.00,505.00,389.00,337.00,288.00,151.00,211.00,440.00
444.00,572.00,455.00,376.00,389.00,270.00,278.00,407.00,120.00,244.00,559.00
460.00,660.00,415.00,380.00,403.00,283.00,272.00,176.00,113.00,209.00,405.00
474.00,642.00,479.00,431.00,391.00,286.00,282.00,254.00,107.00,203.00,505.00
385.00,269.00,309.00,201.00,358.00,205.00,192.00,229.00,138.00,341.00,192.00
918.00,469.00,895.00,715.00,1046.00,590.00,811.00,1430.00,390.00,2919.00,1415.00
553.00,298.00,356.00,226.00,392.00,214.00,252.00,296.00,178.00,435.00,235.00
526.00,289.00,344.00,214.00,428.00,212.00,262.00,275.00,142.00,412.00,235.00
778.00,371.00,439.00,291.00,499.00,268.00,288.00,438.00,220.00,512.00,345.00
597.00,290.00,396.00,219.00,431.00,235.00,231.00,232.00,166.00,353.00,242.00
856.00,376.00,444.00,343.00,662.00,389.00,331.00,635.00,231.00,533.00,498.00
506.00,296.00,299.00,236.00,385.00,263.00,264.00,302.00,150.00,275.00,299.00
14903.00,7150.00,7638.00,6323.00,17040.00,12302.00,10867.00,249.00,9361.00,24056.00,19875.00
24990.00,8390.00,15741.00,9627.00,19136.00,13041.00,16494.00,190.00,8005.00,38844.00,27767.00
946.00,464.00,679.00,422.00,1079.00,616.00,586.00,159.00,398.00,661.00,680.00
4730.00,1786.00,3052.00,2763.00,5866.00,3853.00,3541.00,173.00,1586.00,2779.00,3714.00
530.00,322.00,346.00,263.00,479.00,293.00,243.00,165.00,172.00,271.00,380.00
1104.00,2364.00,6317.00,3505.00,5520.00,4045.00,5597.00,183.00,2730.00,11544.00,5650.00
543.00,332.00,353.00,269.00,400.00,275.00,249.00,151.00,181.00,308.00,394.00
889.00,851.00,994.00,737.00,1060.00,608.00,781.00,153.00,488.00,1729.00,1787.00
507.00,345.00,318.00,289.00,539.00,270.00,205.00,122.00,137.00,299.00,389.00
2337.00,1006.00,8812.00,6329.00,16060.00,10161.00,8428.00,117.00,4474.00,11025.00,11494.00
537.00,378.00,398.00,273.00,508.00,265.00,235.00,140.00,153.00,277.00,392.00
11004.00,6222.00,4686.00,4563.00,10808.00,8276.00,6218.00,131.00,3509.00,6874.00,12631.00
22808.00,16325.00,9673.00,13396.00,19900.00,12043.00,14267.00,159.00,5760.00,17090.00,23162.00
1510.00,1169.00,1011.00,881.00,859.00,729.00,616.00,160.00,345.00,1320.00,1747.00
4840.00,2403.00,3221.00,4029.00,6445.00,4355.00,3216.00,3228.00,1305.00,2967.00,4628.00
542.00,545.00,407.00,336.00,479.00,328.00,276.00,318.00,158.00,274.00,530.00
9408.00,4147.00,5611.00,6079.00,7525.00,5270.00,5633.00,12726.00,1874.00,8153.00,12389.00
489.00,525.00,446.00,321.00,464.00,323.00,300.00,334.00,131.00,292.00,616.00
744.00,1044.00,1329.00,1314.00,1275.00,919.00,894.00,2639.00,453.00,1604.00,2514.00
505.00,554.00,439.00,377.00,489.00,332.00,272.00,347.00,145.00,311.00,481.00
2117.00,1354.00,8377.00,6951.00,11331.00,10812.00,6798.00,11939.00,4998.00,5737.00,13326.00
7611.00,5019.00,5392.00,4047.00,8328.00,6964.00,4465.00,5821.00,2271.00,3835.00,12564.00
513.00,297.00,269.00,189.00,361.00,145.00,116.00,186.00,90.00,217.00,166.00
563.00,302.00,267.00,189.00,351.00,142.00,115.00,180.00,94.00,229.00,176.00
506.00,296.00,275.00,203.00,364.00,139.00,116.00,149.00,90.00,208.00,172.00
456.00,329.00,262.00,204.00,356.00,154.00,113.00,173.00,92.00,229.00,204.00
500.00,306.00,251.00,201.00,359.00,166.00,121.00,185.00,95.00,212.00,202.00
469.00,301.00,254.00,204.00,371.00,163.00,109.00,214.00,98.00,235.00,209.00
436.00,322.00,266.00,202.00,374.00,162.00,115.00,214.00,111.00,227.00,202.00
443.00,318.00,263.00,201.00,363.00,166.00,122.00,220.00,116.00,227.00,215.00
538.00,329.00,268.00,200.00,340.00,169.00,131.00,233.00,107.00,211.00,218.00
567.00,466.00,255.00,203.00,348.00,173.00,107.00,221.00,97.00,197.00,203.00
656.00,307.00,268.00,209.00,357.00,172.00,111.00,225.00,108.00,195.00,199.00
479.00,303.00,264.00,202.00,373.00,174.00,108.00,229.00,131.00,226.00,242.00
538.00,298.00,277.00,210.00,383.00,181.00,125.00,242.00,117.00,236.00,233.00
523.00,315.00,284.00,204.00,368.00,174.00,113.00,232.00,98.00,240.00,238.00
535.00,340.00,281.00,190.00,365.00,172.00,126.00,250.00,98.00,257.00,243.00
476.00,376.00,299.00,182.00,366.00,174.00,111.00,230.00,101.00,238.00,249.00
249.00,368.00,297.00,163.00,372.00,176.00,118.00,209.00,98.00,241.00,265.00
583.00,379.00,302.00,155.00,369.00,171.00,121.00,223.00,100.00,237.00,258.00
485.00,358.00,296.00,152.00,358.00,178.00,113.00,196.00,96.00,234.00,244.00
611.00,358.00,297.00,155.00,350.00,174.00,118.00,185.00,94.00,233.00,261.00
595.00,380.00,300.00,158.00,344.00,169.00,120.00,202.00,92.00,223.00,262.00
584.00,370.00,283.00,179.00,372.00,218.00,150.00,227.00,100.00,221.00,293.00
742.00,362.00,278.00,183.00,375.00,196.00,151.00,214.00,101.00,224.00,302.00
353.00,413.00,277.00,206.00,373.00,213.00,149.00,235.00,98.00,221.00,281.00
222.00,398.00,303.00,226.00,381.00,188.00,139.00,222.00,96.00,206.00,302.00
249.00,475.00,311.00,230.00,355.00,200.00,142.00,232.00,92.00,239.00,335.00
439.00,431.00,306.00,237.00,365.00,204.00,159.00,222.00,90.00,223.00,323.00
427.00,424.00,316.00,230.00,374.00,213.00,172.00,237.00,100.00,223.00,348.00
443.00,426.00,305.00,242.00,384.00,204.00,152.00,224.00,95.00,220.00,351.00
458.00,428.00,320.00,245.00,360.00,215.00,149.00,247.00,141.00,224.00,343.00
407.00,469.00,286.00,243.00,370.00,209.00,152.00,232.00,99.00,206.00,337.00
465.00,451.00,322.00,254.00,358.00,203.00,155.00,226.00,91.00,209.00,320.00
485.00,479.00,313.00,251.00,375.00,202.00,160.00,241.00,88.00,202.00,328.00
511.00,489.00,325.00,264.00,393.00,214.00,155.00,227.00,85.00,203.00,315.00
490.00,459.00,329.00,266.00,369.00,216.00,159.00,234.00,88.00,198.00,330.00
476.00,463.00,341.00,268.00,399.00,218.00,163.00,227.00,82.00,202.00,324.00
527.00,519.00,332.00,293.00,384.00,248.00,186.00,258.00,88.00,196.00,354.00
494.00,516.00,332.00,284.00,376.00,238.00,163.00,240.00,85.00,191.00,344.00
232.00,528.00,329.00,297.00,347.00,241.00,172.00,257.00,81.00,186.00,349.00
491.00,475.00,323.00,271.00,390.00,248.00,173.00,244.00,74.00,194.00,362.00
469.00,431.00,329.00,289.00,378.00,248.00,162.00,234.00,78.00,182.00,362.00
443.00,467.00,338.00,289.00,418.00,256.00,170.00,142.00,89.00,177.00,358.00
238.00,491.00,369.00,307.00,376.00,247.00,175.00,260.00,67.00,175.00,392.00
418.00,435.00,362.00,303.00,362.00,245.00,173.00,245.00,58.00,173.00,410.00
467.00,415.00,373.00,322.00,363.00,238.00,176.00,249.00,16.00,170.00,376.00
485.00,479.00,379.00,321.00,354.00,230.00,171.00,222.00,16.00,152.00,340.00
456.00,446.00,358.00,329.00,339.00,238.00,174.00,232.00,16.00,160.00,338.00
321.00,454.00,354.00,336.00,328.00,243.00,175.00,205.00,15.00,156.00,332.00
433.00,263.00,329.00,203.00,324.00,159.00,170.00,113.00,118.00,285.00,183.00
460.00,263.00,340.00,202.00,308.00,155.00,154.00,188.00,102.00,272.00,168.00
504.00,259.00,329.00,182.00,331.00,156.00,153.00,192.00,105.00,292.00,171.00
455.00,267.00,340.00,166.00,338.00,165.00,156.00,211.00,111.00,293.00,186.00
548.00,256.00,332.00,190.00,327.00,172.00,160.00,202.00,107.00,285.00,190.00
528.00,249.00,336.00,189.00,332.00,181.00,161.00,207.00,115.00,283.00,203.00
562.00,267.00,327.00,192.00,324.00,177.00,163.00,200.00,127.00,290.00,214.00
576.00,254.00,315.00,193.00,318.00,179.00,158.00,212.00,119.00,266.00,226.00
506.00,249.00,300.00,210.00,323.00,175.00,173.00,226.00,121.00,232.00,200.00
576.00,244.00,268.00,198.00,347.00,181.00,166.00,199.00,106.00,229.00,229.00
567.00,258.00,244.00,206.00,344.00,188.00,169.00,228.00,106.00,224.00,241.00
569.00,273.00,283.00,220.00,361.00,199.00,215.00,228.00,112.00,208.00,323.00
527.00,270.00,348.00,222.00,349.00,184.00,182.00,137.00,116.00,211.00,283.00
551.00,277.00,343.00,216.00,355.00,183.00,171.00,132.00,114.00,215.00,274.00
573.00,274.00,340.00,234.00,395.00,190.00,166.00,132.00,116.00,211.00,266.00
527.00,299.00,309.00,225.00,343.00,188.00,165.00,120.00,108.00,194.00,284.00
555.00,286.00,329.00,224.00,347.00,186.00,169.00,120.00,109.00,208.00,294.00
531.00,283.00,302.00,174.00,358.00,191.00,163.00,122.00,111.00,203.00,282.00
552.00,282.00,326.00,191.00,338.00,176.00,165.00,117.00,107.00,204.00,288.00
569.00,297.00,332.00,205.00,343.00,176.00,150.00,114.00,109.00,238.00,282.00
588.00,307.00,339.00,199.00,357.00,180.00,159.00,100.00,106.00,199.00,293.00
438.00,330.00,334.00,239.00,346.00,207.00,169.00,89.00,118.00,218.00,322.00
401.00,321.00,334.00,248.00,306.00,227.00,167.00,86.00,113.00,210.00,323.00
396.00,348.00,323.00,247.00,349.00,225.00,165.00,104.00,118.00,224.00,342.00
517.00,349.00,315.00,240.00,360.00,232.00,170.00,102.00,105.00,239.00,368.00
547.00,364.00,344.00,290.00,364.00,237.00,176.00,98.00,107.00,252.00,372.00
535.00,343.00,321.00,303.00,368.00,210.00,164.00,97.00,108.00,223.00,375.00
556.00,366.00,343.00,276.00,369.00,216.00,182.00,106.00,120.00,220.00,456.00
604.00,395.00,358.00,292.00,367.00,209.00,175.00,98.00,119.00,216.00,373.00
562.00,402.00,349.00,342.00,397.00,215.00,175.00,109.00,119.00,224.00,328.00
477.00,419.00,379.00,315.00,411.00,220.00,190.00,100.00,103.00,221.00,349.00
496.00,417.00,381.00,299.00,488.00,217.00,177.00,106.00,101.00,220.00,335.00
547.00,423.00,396.00,290.00,411.00,217.00,183.00,267.00,104.00,199.00,370.00
499.00,456.00,397.00,311.00,372.00,232.00,178.00,245.00,111.00,199.00,387.00
518.00,482.00,404.00,299.00,368.00,198.00,199.00,233.00,108.00,220.00,356.00
532.00,382.00,397.00,291.00,370.00,235.00,196.00,239.00,108.00,207.00,370.00
498.00,438.00,395.00,330.00,368.00,256.00,208.00,266.00,110.00,204.00,425.00
513.00,488.00,402.00,394.00,367.00,252.00,217.00,228.00,103.00,194.00,415.00
534.00,504.00,400.00,321.00,375.00,259.00,208.00,222.00,106.00,195.00,354.00
491.00,506.00,401.00,322.00,374.00,237.00,211.00,217.00,109.00,195.00,425.00
498.00,489.00,391.00,352.00,361.00,237.00,208.00,229.00,109.00,189.00,388.00
530.00,483.00,413.00,358.00,421.00,241.00,199.00,230.00,107.00,193.00,406.00
511.00,543.00,456.00,352.00,357.00,253.00,216.00,226.00,103.00,210.00,481.00
487.00,556.00,436.00,359.00,356.00,261.00,216.00,234.00,103.00,211.00,493.00
518.00,578.00,412.00,364.00,351.00,276.00,218.00,256.00,102.00,189.00,518.00
492.00,577.00,435.00,384.00,392.00,277.00,206.00,229.00,92.00,146.00,459.00
471.00,565.00,420.00,359.00,320.00,244.00,202.00,151.00,92.00,200.00,366.00
459.00,494.00,431.00,388.00,327.00,244.00,201.00,202.00,94.00,178.00,412.00
